date,spot,dev_n,p_event,p_cons,actual_h3,actual_event,best_symbol,best_type,best_strike,best_dte,best_ev_cons,best_p_profit,robust_positive,stress_count,worst_stress_ev
2024-01-02,472.15,863,0.5156431054461182,0.46564310544611826,-0.010187440432066097,True,SIM-CALL-463-3D,call,463.0,3,10.940444472072645,0.4958886460146831,9,9,20.75069343689027
2024-01-03,470.46,864,0.5150462962962963,0.4650462962962963,-0.005526505972877516,False,SIM-CALL-461-3D,call,461.0,3,10.30265889306289,0.4952552025759368,9,9,19.77497637044785
2024-01-04,468.21,865,0.5156069364161849,0.46560693641618495,0.013498216612203962,True,SIM-CALL-459-3D,call,459.0,3,9.304998238712388,0.4947384813271914,9,9,18.833357938696928
2024-01-05,467.345,866,0.5161662817551963,0.4661662817551963,0.013919053375985646,True,SIM-CALL-458-3D,call,458.0,3,8.700664956062875,0.4942228149052844,9,9,17.976807419199876
2024-01-08,468.49,867,0.5155709342560554,0.4655709342560554,0.017140173749706555,True,SIM-CALL-459-3D,call,459.0,3,8.25626635480826,0.49359363958769453,9,9,17.46717930149312
2024-01-09,471.94,868,0.5161290322580645,0.4661290322580645,0.009386786455905405,False,SIM-CALL-463-3D,call,463.0,3,8.592041733473579,0.4915785810291859,9,9,18.56256268371513
2024-01-10,474.17,869,0.5166858457997698,0.46668584579976985,0.0052301917033974465,False,SIM-CALL-465-3D,call,465.0,3,9.329776121336481,0.49464689830763525,9,9,19.194616575106387
2024-01-11,477.55,870,0.5172413793103449,0.4672413793103449,-0.005653858234739739,False,SIM-CALL-468-3D,call,468.0,3,10.23794639493409,0.4951718664477285,9,9,19.91345913979982
2024-01-12,477.8,871,0.5166475315729047,0.4666475315729047,-0.011552951025533775,True,SIM-CALL-468-3D,call,468.0,3,10.68720941087556,0.4970780160346934,9,9,20.07722332965266
2024-01-16,475.28,872,0.5160550458715596,0.4660550458715596,0.0025669079279582174,False,SIM-CALL-466-3D,call,466.0,3,10.686570965288418,0.4964487924595755,9,9,20.472197027476117
2024-01-17,471.81,873,0.5154639175257731,0.46546391752577315,0.022615035713528853,True,SIM-CALL-462-3D,call,462.0,3,10.230844525913122,0.4983484926031537,9,9,19.38744893569099
2024-01-18,474.11,874,0.5160183066361556,0.46601830663615557,0.019700069604100312,True,SIM-CALL-465-3D,call,465.0,3,9.378714621645077,0.4927843562768316,9,9,19.244255679309443
2024-01-19,477.63,875,0.5154285714285715,0.46542857142857147,0.015053493289785003,True,SIM-CALL-468-3D,call,468.0,3,9.638107695885385,0.49594509206853893,9,9,19.100414912246595
2024-01-22,484.005,876,0.5159817351598174,0.4659817351598174,0.00292352351731906,False,SIM-CALL-474-3D,call,474.0,3,10.80726627743753,0.4989839772840771,9,9,20.255251136445107
2024-01-23,484.02,877,0.5165336374002281,0.4665336374002281,0.008264121317300921,False,SIM-CALL-474-3D,call,474.0,3,11.665924494422969,0.4995002209713927,9,9,21.18118514562103
2024-01-24,487.81,878,0.5170842824601367,0.4670842824601367,-0.0006969926815767469,False,SIM-CALL-478-3D,call,478.0,3,12.339218740321458,0.4975016361018016,9,9,22.261643531457434
2024-01-25,487.48,879,0.5164960182025028,0.4664960182025028,0.007733650611307041,False,SIM-CALL-478-3D,call,478.0,3,12.221576851743288,0.4981321515149639,9,9,22.45348449430245
2024-01-26,487.535,880,0.5159090909090909,0.4659090909090909,0.006902068569435871,False,SIM-CALL-478-3D,call,478.0,3,12.598536661614292,0.49876107197181224,9,9,22.732389511216716
2024-01-29,487.7,881,0.5153234960272418,0.4653234960272418,-0.009729341808488834,False,SIM-CALL-478-3D,call,478.0,3,12.475154991864066,0.49813623424164255,9,9,22.45541437732395
2024-01-30,490.67,882,0.5147392290249433,0.4647392290249433,-0.0029551429677787677,False,SIM-CALL-481-3D,call,481.0,3,12.825195279932174,0.4987635449694995,9,9,22.916151710639866
2024-01-31,488.44,883,0.5141562853907135,0.46415628539071346,0.011976906068299042,True,SIM-CALL-479-3D,call,479.0,3,12.907760975260619,0.4993892761333055,9,9,23.109734257083904
2024-02-01,484.73,884,0.5135746606334841,0.4635746606334841,0.0161430074474449,True,SIM-CALL-475-3D,call,475.0,3,12.248526153169815,0.4987659334103165,9,9,22.062354975064974
2024-02-02,489.66,885,0.5129943502824859,0.46299435028248587,0.008842870563247951,False,SIM-CALL-480-3D,call,480.0,3,11.969665003068648,0.4981441200280716,9,9,22.07483689214763
2024-02-05,493.69,886,0.5135440180586908,0.4635440180586908,0.008790941684052589,False,SIM-CALL-484-3D,call,484.0,3,12.511233497068233,0.49865575767530906,9,9,22.788799783275095
2024-02-06,493.52,887,0.5140924464487034,0.46409244644870346,0.010029988652942246,True,SIM-CALL-484-3D,call,484.0,3,13.066474999291415,0.4979229367641921,9,9,23.573632134538563
2024-02-07,496.275,888,0.5135135135135135,0.4635135135135135,0.009702282000906726,False,SIM-CALL-486-3D,call,486.0,3,13.829802949967739,0.5022716795743111,9,9,23.65335196962981
2024-02-08,498.16,889,0.5129358830146231,0.46293588301462313,0.005680905733097763,False,SIM-CALL-488-3D,call,488.0,3,14.22926767100056,0.5016483290795044,9,9,24.18840596015597
2024-02-09,498.85,890,0.5134831460674157,0.46348314606741575,-0.009401623734589526,False,SIM-CALL-489-3D,call,489.0,3,14.502247795173764,0.500915031841007,9,9,24.823998766822157
2024-02-12,501.23,891,0.5129068462401796,0.4629068462401796,-0.005207190311832921,False,SIM-CALL-491-3D,call,491.0,3,15.13875549510432,0.5027698341002734,9,9,25.129501073061892
2024-02-13,494.335,892,0.5123318385650224,0.4623318385650224,0.01544499175660241,True,SIM-CALL-484-3D,call,484.0,3,15.16843283987985,0.5058560720719014,9,9,24.764840389856825
2024-02-14,496.78,893,0.5117581187010078,0.46175811870100786,0.005616168122710263,False,SIM-CALL-487-3D,call,487.0,3,14.300013325488282,0.5015277088719425,9,9,24.586762640881236
2024-02-15,499.3,894,0.5111856823266219,0.4611856823266219,-0.005117164029641463,False,SIM-CALL-489-3D,call,489.0,3,14.083999769575568,0.5033748768888262,9,9,23.99745864464083
2024-02-16,501.715,895,0.511731843575419,0.461731843575419,-0.008919406435924704,False,SIM-CALL-492-3D,call,492.0,3,14.47983389326749,0.5014124744802216,9,9,25.12682706888845
2024-02-20,497.735,896,0.5111607142857143,0.4611607142857143,0.019578691472369902,True,SIM-CALL-488-3D,call,488.0,3,14.624579032553921,0.5020254189490595,9,9,25.059731029534845
2024-02-21,495.355,897,0.5105908584169454,0.4605908584169454,0.025163771436646387,True,SIM-CALL-485-3D,call,485.0,3,14.357464135188144,0.5050942921182169,9,9,24.130157578649815
2024-02-22,504.02,898,0.5100222717149221,0.4600222717149221,0.0036506487837784096,False,SIM-CALL-494-3D,call,494.0,3,13.716944641133209,0.5007923213422091,9,9,24.208837304859
2024-02-23,509.26,899,0.5105672969966629,0.46056729699666293,-0.004535993402191463,False,SIM-CALL-499-3D,call,499.0,3,14.788981630525013,0.5012936823137699,9,9,25.336720836994566
2024-02-26,508.29,900,0.5111111111111111,0.4611111111111111,-0.004249542583958044,False,SIM-CALL-498-3D,call,498.0,3,15.934304577861244,0.5017940272288098,9,9,26.52640950389774
2024-02-27,506.7,901,0.5105438401775805,0.4605438401775805,0.002861653838563294,False,SIM-CALL-497-3D,call,497.0,3,15.546015118091104,0.49995649175721696,9,9,26.650473515497954
2024-02-28,505.355,902,0.5099778270509978,0.4599778270509978,0.01498946285284597,True,SIM-CALL-495-3D,call,495.0,3,15.513786851572732,0.503010484930203,9,9,25.939498843968956
2024-02-29,508.065,903,0.5094130675526024,0.4594130675526024,0.008414277700687922,False,SIM-CALL-498-3D,call,498.0,3,15.003006878007428,0.5011759000733316,9,9,25.849405996436747
2024-03-01,508.975,904,0.5088495575221239,0.4588495575221239,-0.0036445797927207035,False,SIM-CALL-499-3D,call,499.0,3,14.960751841585612,0.50178336089071,9,9,25.922828490647962
2024-03-04,512.19,905,0.5093922651933702,0.45939226519337023,-0.0048029051719089555,False,SIM-CALL-502-3D,call,502.0,3,15.79528720762719,0.5022803267907593,9,9,26.72975187017914
2024-03-05,510.225,906,0.5088300220750552,0.45883002207505524,0.009593806653927173,False,SIM-CALL-500-3D,call,500.0,3,16.130462526932583,0.50288510194453,9,9,26.90499313424854
2024-03-06,510.64,907,0.5082690187431091,0.45826901874310916,0.0021149929500234865,False,SIM-CALL-500-3D,call,500.0,3,15.93200034405564,0.50591768624035,9,9,26.356766765290295
2024-03-07,513.14,908,0.5077092511013216,0.4577092511013216,-0.0036637175039949677,False,SIM-CALL-503-3D,call,503.0,3,15.276166260765379,0.5016638679746797,9,9,26.31178746770471
2024-03-08,515.51,909,0.5071507150715071,0.4571507150715071,0.0024441814901747794,False,SIM-CALL-505-3D,call,505.0,3,15.967252598203272,0.5034788669979099,9,9,26.68640828244998
2024-03-11,510.395,910,0.5065934065934066,0.4565934065934066,0.010922912646087912,True,SIM-CALL-500-3D,call,500.0,3,15.772715592387506,0.5028689638388705,9,9,26.387747168537153
2024-03-12,513.43,911,0.5060373216245884,0.4560373216245884,0.00278518980192044,False,SIM-CALL-503-3D,call,503.0,3,15.462947251732777,0.5022605097865224,9,9,26.191649729352793
2024-03-13,517.04,912,0.5054824561403509,0.45548245614035093,-0.013944762494197738,True,SIM-CALL-507-3D,call,507.0,3,15.219537051754353,0.5016534993422878,9,9,26.474079683857184
2024-03-14,516.96,913,0.5060240963855421,0.45602409638554214,-0.0078536056948314,False,SIM-CALL-507-3D,call,507.0,3,15.551590269016538,0.5009398379072196,9,9,26.91759189826393
2024-03-15,510.07,914,0.5054704595185996,0.4554704595185996,0.011214147077851955,True,SIM-CALL-500-3D,call,500.0,3,15.588153473894515,0.5027451529964068,9,9,26.544318810733923
2024-03-18,513.26,915,0.5060109289617486,0.4560109289617486,0.014144877839691317,True,SIM-CALL-503-3D,call,503.0,3,14.93885554365398,0.5022505876883686,9,9,25.73230265543056
2024-03-19,512.155,916,0.5054585152838428,0.4554585152838428,0.01937889896613343,True,SIM-CALL-502-3D,call,502.0,3,14.20394418331796,0.5016462444246833,9,9,25.10493793272078
2024-03-20,515.765,917,0.5059978189749182,0.45599781897491826,0.010925518404699908,True,SIM-CALL-505-3D,call,505.0,3,15.041962823994849,0.5057392557183424,9,9,25.545044899481777
2024-03-21,523.49,918,0.5065359477124183,0.4565359477124183,-0.006896024756919972,False,SIM-CALL-513-3D,call,513.0,3,15.628803479224251,0.5026259681398729,9,9,26.749240398120712
2024-03-22,522.14,919,0.5070729053318824,0.45707290533188244,-0.006549967441682236,False,SIM-CALL-512-3D,call,512.0,3,16.16780699890201,0.5031143745942441,9,9,27.66172736261561
2024-03-25,519.785,920,0.5076086956521739,0.45760869565217394,0.006339159460161614,False,SIM-CALL-509-3D,call,509.0,3,17.01253268984202,0.5059964777739894,9,9,27.82302789943117
2024-03-26,521.14,921,0.507057546145494,0.45705754614549404,0.003828145987642584,False,SIM-CALL-511-3D,call,511.0,3,15.97980488072004,0.502998986862085,9,9,27.5082525117451
2024-03-27,521.72,922,0.5065075921908894,0.4565075921908894,0.0009392011040405546,False,SIM-CALL-511-3D,call,511.0,3,15.858075254725128,0.5035920631784293,9,9,26.889520965984495
2024-03-28,523.25,923,0.5059588299024919,0.45595882990249187,-0.008313425704730149,False,SIM-CALL-513-3D,call,513.0,3,15.764600443224895,0.5029906441411097,9,9,27.27928565845675
2024-04-01,523.71,924,0.5054112554112554,0.45541125541125543,-0.00796242195107999,False,SIM-CALL-513-3D,call,513.0,3,16.1968323367318,0.504773953495014,9,9,27.266547053289933
2024-04-02,518.13,925,0.5048648648648648,0.4548648648648648,-0.009669387991430689,False,SIM-CALL-508-3D,call,508.0,3,15.55233217899958,0.5029822757311233,9,9,26.954801907406846
2024-04-03,517.705,926,0.5043196544276458,0.4543196544276458,0.0016128876483709753,False,SIM-CALL-507-3D,call,507.0,3,15.307489284560054,0.5047613512999827,9,9,26.191717924182953
2024-04-04,523.63,927,0.5037756202804746,0.45377562028047463,-0.009510532246051584,False,SIM-CALL-513-3D,call,513.0,3,14.70171612995604,0.5029738826022981,9,9,25.942114482981548
2024-04-05,514.07,928,0.5032327586206896,0.4532327586206896,0.010251522166241811,True,SIM-CALL-504-3D,call,504.0,3,13.375253439745375,0.5011906079502855,9,9,24.824882854509074
2024-04-08,519.24,929,0.5026910656620022,0.4526910656620022,-0.009716123565210566,False,SIM-CALL-509-3D,call,509.0,3,13.516448754210323,0.5005961629565099,9,9,25.007150495700902
2024-04-09,520.555,930,0.5021505376344086,0.45215053763440866,-0.004812171624516082,False,SIM-CALL-510-3D,call,510.0,3,13.042504542038579,0.5000030981841409,9,9,24.33829320746261
2024-04-10,513.43,931,0.5026852846401718,0.4526852846401718,-0.004966597199228651,False,SIM-CALL-503-3D,call,503.0,3,13.261490179424559,0.5016695646088377,9,9,24.41351161108302
2024-04-11,515.68,932,0.5021459227467812,0.45214592274678117,-0.021641327955321032,True,SIM-CALL-505-3D,call,505.0,3,12.707581208764143,0.5022572270731587,9,9,23.77776180031294
2024-04-12,514.38,933,0.5016077170418006,0.45160771704180064,-0.021326645670515898,True,SIM-CALL-504-3D,call,504.0,3,12.035323591662143,0.49930548352522214,9,9,23.36021034056718
2024-04-15,515.21,934,0.5010706638115632,0.4510706638115632,-0.02851264532908926,True,SIM-CALL-505-3D,call,505.0,3,11.441158493156339,0.4987165436705235,9,9,22.99675127653703
2024-04-16,504.81,935,0.5016042780748663,0.4516042780748663,-0.01067728452288974,True,SIM-CALL-495-3D,call,495.0,3,9.92482267434347,0.4982371027970473,9,9,21.30807669113707
2024-04-17,506.08,936,0.5021367521367521,0.45213675213675214,-0.02152821688270623,True,SIM-CALL-496-3D,call,496.0,3,9.098027459627646,0.4977585546182022,9,9,20.13027958875471
2024-04-18,501.85,937,0.5026680896478122,0.4526680896478122,-0.004602969014645852,False,SIM-CALL-492-3D,call,492.0,3,7.831294885702883,0.4972808971141279,9,9,18.786404325496445
2024-04-19,499.44,938,0.5031982942430704,0.4531982942430704,0.012133589620374918,True,SIM-CALL-489-3D,call,489.0,3,7.490714193672209,0.5003243109215688,9,9,17.693362539878073
2024-04-22,497.85,939,0.503727369542066,0.453727369542066,0.015687456061062477,True,SIM-CALL-488-3D,call,488.0,3,6.139906254342305,0.49632824605850295,9,9,16.71641431220341
2024-04-23,501.86,940,0.5031914893617021,0.4531914893617021,0.003327621248953916,False,SIM-CALL-492-3D,call,492.0,3,5.720673034918662,0.4957464146415913,9,9,16.480696929178656
2024-04-24,506.54,941,0.5037194473963869,0.45371944739638687,0.0032672641844671,False,SIM-CALL-496-3D,call,496.0,3,6.516825295330157,0.49856930131568605,9,9,16.840990661133127
2024-04-25,499.1,942,0.5042462845010616,0.4542462845010616,0.021979563213784692,True,SIM-CALL-489-3D,call,489.0,3,6.954663926716794,0.4967121923112724,9,9,17.45606400398254
2024-04-26,506.42,943,0.503711558854719,0.453711558854719,-0.008214525492674096,False,SIM-CALL-496-3D,call,496.0,3,7.180608512614433,0.4984662777889881,9,9,17.656266806483163
2024-04-29,510.26,944,0.503177966101695,0.453177966101695,-0.019891819856543647,True,SIM-CALL-500-3D,call,500.0,3,7.1747122459337085,0.49788442298511265,9,9,17.945517100387352
2024-04-30,508.33,945,0.5037037037037037,0.45370370370370366,-0.006491845848169531,False,SIM-CALL-498-3D,call,498.0,3,8.15028683355761,0.4995285012844275,9,9,18.866257002103378
2024-05-01,501.38,946,0.5031712473572939,0.4531712473572939,0.019685667557541198,True,SIM-CALL-491-3D,call,491.0,3,7.493552989541856,0.500110108187938,9,9,17.92871478741682
2024-05-02,504.155,947,0.5036958817317846,0.4536958817317846,0.024565857722327333,True,SIM-CALL-494-3D,call,494.0,3,6.336784366917739,0.49731039203293065,9,9,16.968817437477004
2024-05-03,511.16,948,0.5031645569620253,0.45316455696202534,0.011923859456921537,True,SIM-CALL-501-3D,call,501.0,3,5.816991640147583,0.4967323284029985,9,9,16.770722563047062
2024-05-06,513.775,949,0.5036880927291886,0.4536880927291886,0.006666342270449155,False,SIM-CALL-503-3D,call,503.0,3,6.933080269917256,0.5006903685187123,9,9,17.48507401135064
2024-05-07,517.55,950,0.5042105263157894,0.45421052631578945,0.005042991015360876,False,SIM-CALL-507-3D,call,507.0,3,7.968728896379795,0.4988468941725216,9,9,18.988903073675935
2024-05-08,515.625,951,0.5047318611987381,0.45473186119873815,0.010055757575757385,True,SIM-CALL-505-3D,call,505.0,3,8.457110345656867,0.49932230446328707,9,9,19.367453669626265
2024-05-09,517.435,952,0.5042016806722689,0.4542016806722689,0.006744808526674806,False,SIM-CALL-507-3D,call,507.0,3,8.619668529100622,0.49874425829653896,9,9,19.75035774074687
2024-05-10,521.8,953,0.5036726128016789,0.45367261280167887,0.0028267535454198356,False,SIM-CALL-511-3D,call,511.0,3,8.98731602771821,0.5016326010384476,9,9,19.92518842598876
2024-05-13,522.615,954,0.5041928721174004,0.4541928721174004,0.013748170259177295,True,SIM-CALL-512-3D,call,512.0,3,9.280070088370438,0.5009499054036132,9,9,20.453214243855204
2024-05-14,521.185,955,0.5036649214659686,0.45366492146596865,0.01466849583161478,True,SIM-CALL-511-3D,call,511.0,3,9.234760491648535,0.5003718466091718,9,9,20.74210216949265
2024-05-15,525.77,956,0.5031380753138075,0.4531380753138075,0.0071133765715045705,False,SIM-CALL-515-3D,call,515.0,3,9.66017834582239,0.5020976705196041,9,9,20.767441210326414
2024-05-16,529.88,957,0.5036572622779519,0.45365726227795194,0.00032082735713734323,False,SIM-CALL-519-3D,call,519.0,3,10.312510507048579,0.5025669508452905,9,9,21.531770721765884
2024-05-17,528.93,958,0.5041753653444676,0.4541753653444676,0.00455636851757335,False,SIM-CALL-518-3D,call,518.0,3,10.937101563487332,0.5041844449555404,9,9,22.126252039817704
2024-05-20,529.56,959,0.5036496350364964,0.4536496350364964,0.0004532064355313725,False,SIM-CALL-519-3D,call,519.0,3,11.001738173630716,0.5024573031370593,9,9,22.532922728982154
2024-05-21,529.31,960,0.503125,0.45312500000000006,-0.006328994351136208,False,SIM-CALL-519-3D,call,519.0,3,10.659482735098383,0.5018805666236963,9,9,22.434375738244455
2024-05-22,530.71,961,0.5026014568158168,0.4526014568158168,-0.002355335305534112,False,SIM-CALL-520-3D,call,520.0,3,11.095095956779245,0.5024503114919854,9,9,22.50604907597638
2024-05-23,532.96,962,0.502079002079002,0.45207900207900203,-0.0057790453317322354,False,SIM-CALL-522-3D,call,522.0,3,11.14104396065572,0.5030187477360029,9,9,22.407765678868472
2024-05-24,527.87,963,0.5015576323987538,0.45155763239875385,-0.0033152101843256787,False,SIM-CALL-517-3D,call,517.0,3,10.510188692957405,0.5024432919415904,9,9,21.693787154338256
2024-05-28,530.32,964,0.5010373443983402,0.45103734439834026,-0.014462965756524504,True,SIM-CALL-520-3D,call,520.0,3,9.815953557553192,0.5007278302244927,9,9,21.656125935703457
2024-05-29,525.63,965,0.5005181347150259,0.45051813471502594,0.003243726575728356,False,SIM-CALL-515-3D,call,515.0,3,9.55591487568028,0.5001562376270148,9,9,20.92517194969848
2024-05-30,524.31,966,0.5,0.45,0.00659914935820427,False,SIM-CALL-514-3D,call,514.0,3,8.955130544072851,0.4995859213250518,9,9,20.607177305835076
2024-05-31,523.63,967,0.500517063081696,0.450517063081696,0.009013998434008741,False,SIM-CALL-513-3D,call,513.0,3,8.376337554673993,0.5002593255865264,9,9,19.580233767274013
2024-06-03,529.05,968,0.5,0.45,0.010585010868537914,True,SIM-CALL-518-3D,call,518.0,3,8.681266404356553,0.503099173553719,9,9,19.699158710177105
2024-06-04,526.545,969,0.49948400412796695,0.44948400412796696,0.015354812978947807,True,SIM-CALL-516-3D,call,516.0,3,8.60514624737982,0.5002571912116192,9,9,19.96275797231751
2024-06-05,530.79,970,0.49896907216494846,0.44896907216494847,0.006066429284651287,False,SIM-CALL-520-3D,call,520.0,3,9.186878161487565,0.5019568186989827,9,9,20.435920001395917
2024-06-06,534.9,971,0.49948506694129763,0.44948506694129764,0.0015049541970462155,False,SIM-CALL-524-3D,call,524.0,3,9.678522487745028,0.5024191699718636,9,9,21.021405215058888
2024-06-07,533.3,972,0.5,0.45,0.006956684792799539,False,SIM-CALL-523-3D,call,523.0,3,9.771184188825766,0.5017489711934157,9,9,21.699468786998622
2024-06-10,533.25,973,0.499486125385406,0.449486125385406,0.015058602906704133,True,SIM-CALL-523-3D,call,523.0,3,9.919259191914628,0.5000505871716912,9,9,21.86728769569417
2024-06-11,534.08,974,0.4989733059548255,0.4489733059548255,0.015484571599760244,True,SIM-CALL-523-3D,call,523.0,3,10.581816862321313,0.5040017570092319,9,9,21.748509420719117
2024-06-12,541.625,975,0.49846153846153846,0.44846153846153847,0.0021509346872836677,False,SIM-CALL-531-3D,call,531.0,3,10.522573990422533,0.5023046238519995,9,9,22.398822268792763
2024-06-13,543.12,976,0.4989754098360656,0.4489754098360656,0.007235969951391974,False,SIM-CALL-532-3D,call,532.0,3,11.570580863044826,0.5038911021088514,9,9,23.0834572736396
2024-06-14,540.89,977,0.49948822927328557,0.4494882292732856,0.014032428035275268,True,SIM-CALL-530-3D,call,530.0,3,12.029425243884095,0.503223047676773,9,9,23.727850331820132
2024-06-17,542.075,978,0.49897750511247446,0.4489775051124745,0.009140801549600841,False,SIM-CALL-531-3D,call,531.0,3,12.157482100843142,0.5037808997681341,9,9,23.720728350188303
2024-06-18,547.14,979,0.49846782431052095,0.44846782431052096,-0.005574441641992833,False,SIM-CALL-536-3D,call,536.0,3,12.531626640602989,0.504337495283836,9,9,24.202025875052662
2024-06-20,549.425,980,0.4989795918367347,0.4489795918367347,-0.01222186831687655,True,SIM-CALL-538-3D,call,538.0,3,13.326719915147093,0.5059156295307098,9,9,24.87846301667107
2024-06-21,544.36,981,0.4984709480122324,0.4484709480122324,0.0007623631420383692,False,SIM-CALL-533-3D,call,533.0,3,13.629358514950887,0.5075897041544851,9,9,24.99117673938022
2024-06-24,544.37,982,0.4979633401221996,0.4479633401221996,0.00223193783639819,False,SIM-CALL-533-3D,call,533.0,3,13.140601871356873,0.507020549341179,9,9,24.528102653371224
2024-06-25,543.77,983,0.49847405900305186,0.4484740590030519,0.004781433326590312,False,SIM-CALL-533-3D,call,533.0,3,11.935530990344084,0.503201146526594,9,9,23.76713599793916
2024-06-26,543.635,984,0.49796747967479676,0.4479674796747968,0.0008737480110736495,False,SIM-CALL-533-3D,call,533.0,3,11.679135016006798,0.5026380209435408,9,9,23.63908603914148
2024-06-27,545.55,985,0.49746192893401014,0.44746192893401016,-0.0006415543946474145,False,SIM-CALL-535-3D,call,535.0,3,11.541097687793675,0.5020761274822189,9,9,23.65802472348539
2024-06-28,547.105,986,0.4969574036511156,0.44695740365111564,0.003408852048509825,False,SIM-CALL-536-3D,call,536.0,3,12.256409673274716,0.5037454723268617,9,9,23.8683150144664
2024-07-01,545.54,987,0.49645390070921985,0.44645390070921986,0.010448363089782697,True,SIM-CALL-535-3D,call,535.0,3,11.55033526627444,0.5020697946544516,9,9,23.6528311673946
2024-07-02,543.74,988,0.4959514170040486,0.4459514170040486,0.020202670393938194,True,SIM-CALL-533-3D,call,533.0,3,11.602677084334175,0.5015103444431283,9,9,23.436015729396296
2024-07-03,548.84,989,0.4954499494438827,0.4454499494438827,0.011670067779316229,True,SIM-CALL-538-3D,call,538.0,3,11.760230223913679,0.5020634349733701,9,9,23.69001958796094
2024-07-05,551.77,990,0.49595959595959593,0.44595959595959594,0.007430632328687681,False,SIM-CALL-541-3D,call,541.0,3,12.071121651426829,0.5025165948346322,9,9,24.22318279054877
2024-07-08,555.35,991,0.496468213925328,0.446468213925328,0.010605924191950944,True,SIM-CALL-544-3D,call,544.0,3,13.551517007878903,0.5040782086351993,9,9,25.37432142240719
2024-07-09,556.355,992,0.4969758064516129,0.4469758064516129,0.00011683187892619351,False,SIM-CALL-545-3D,call,545.0,3,14.024791699138778,0.5045286968624155,9,9,25.921557026357146
2024-07-10,557.13,993,0.49647532729103727,0.4464753272910373,0.004989858740329867,False,SIM-CALL-546-3D,call,546.0,3,14.116896340914652,0.5039693027664237,9,9,26.219926218192743
2024-07-11,561.43,994,0.4969818913480885,0.4469818913480885,0.00016030493561092207,False,SIM-CALL-550-3D,call,550.0,3,14.840686594839394,0.5055250295294031,9,9,26.866690220595924
2024-07-12,557.61,995,0.4964824120603015,0.44648241206030154,0.012948117860153152,True,SIM-CALL-546-3D,call,546.0,3,14.793284860351866,0.5071753112496145,9,9,26.506579275425555
2024-07-15,562.18,996,0.4959839357429719,0.4459839357429719,-0.00909850937422163,False,SIM-CALL-551-3D,call,551.0,3,14.59303029018066,0.5044075004795219,9,9,26.865859675384506
2024-07-16,562.96,997,0.4954864593781344,0.4454864593781344,-0.018047463407702247,True,SIM-CALL-552-3D,call,552.0,3,14.17894110465671,0.5038505462137008,9,9,26.704990790943466
2024-07-17,559.01,998,0.49599198396793587,0.4459919839679359,-0.018013989016296583,True,SIM-CALL-548-3D,call,548.0,3,14.759118749921962,0.504298482299056,9,9,27.1150537500957
2024-07-18,558.61,999,0.4954954954954955,0.4454954954954955,-0.007089024543062261,False,SIM-CALL-547-3D,call,547.0,3,14.617957073174809,0.5059431671931672,9,9,26.44919963582713
2024-07-19,552.375,1000,0.496,0.446,0.002380629101606857,False,SIM-CALL-541-3D,call,541.0,3,13.35218257636532,0.5043899129544291,9,9,25.018305312842706
2024-07-22,552.97,1001,0.4965034965034965,0.4465034965034965,-0.021266976508671376,True,SIM-CALL-542-3D,call,542.0,3,11.93045488507318,0.5028394434204293,9,9,23.872231367263357
2024-07-23,554.685,1002,0.49600798403193613,0.44600798403193614,-0.02937703381198331,True,SIM-CALL-544-3D,call,544.0,3,10.951204323888787,0.5011899367987136,9,9,23.288827405783717
2024-07-24,548.8,1003,0.4955134596211366,0.4455134596211366,-0.008117711370262293,False,SIM-CALL-538-3D,call,538.0,3,11.139699060392593,0.502831467106859,9,9,23.109143599798603
2024-07-25,541.32,1004,0.4960159362549801,0.4460159362549801,0.006631936747210299,False,SIM-CALL-530-3D,call,530.0,3,10.50780116548116,0.5056665112175391,9,9,21.55440997919224
2024-07-26,542.37,1005,0.49651741293532337,0.4465174129353234,-0.000737503917989546,False,SIM-CALL-532-3D,call,532.0,3,8.461780729446923,0.4986518324045097,9,9,20.33183367507209
2024-07-29,546.17,1006,0.4960238568588469,0.44602385685884693,0.007689913396927706,False,SIM-CALL-535-3D,call,535.0,3,8.665263260452619,0.5024767126136863,9,9,19.94690112236253
2024-07-30,546.25,1007,0.4955312810327706,0.4455312810327706,-0.005620137299771288,False,SIM-CALL-535-3D,call,535.0,3,8.976365849801361,0.5030188875902545,9,9,20.155263232312205
2024-07-31,549.16,1008,0.49503968253968256,0.44503968253968257,-0.029572437905164284,True,SIM-CALL-538-3D,call,538.0,3,8.712313664771191,0.5024695835054274,9,9,20.097183549318018
2024-08-01,552.59,1009,0.49454905847373637,0.4445490584737364,-0.06368193416457057,True,SIM-CALL-542-3D,call,542.0,3,8.360966138098625,0.4986540930049921,9,9,20.41327815403722
2024-08-02,535.75,1010,0.49405940594059405,0.44405940594059407,-0.0255342977134857,True,SIM-CALL-525-3D,call,525.0,3,8.20206374164414,0.5013744875579762,9,9,19.43532575501964
2024-08-05,511.49,1011,0.49455984174085066,0.44455984174085067,0.013968992551173898,True,SIM-CALL-501-3D,call,501.0,3,6.988682102923132,0.5020165978541329,9,9,17.370166805740155
2024-08-06,519.56,1012,0.4950592885375494,0.4450592885375494,0.021267995996612665,True,SIM-CALL-509-3D,call,509.0,3,5.9791385664750525,0.5015715249266016,9,9,16.484498088740494
2024-08-07,528.54,1013,0.49555774925962487,0.4455577492596249,0.008286979225791802,False,SIM-CALL-518-3D,call,518.0,3,4.876738290714179,0.5000421993982486,9,9,15.631263447263695
2024-08-08,523.98,1014,0.4960552268244576,0.4460552268244576,0.017767853734875327,True,SIM-CALL-514-3D,call,514.0,3,4.882418939874229,0.4972342893890531,9,9,16.07704788950947
2024-08-09,529.815,1015,0.496551724137931,0.44655172413793104,0.02297971933599463,True,SIM-CALL-519-3D,call,519.0,3,6.487590599415582,0.5020129001057201,9,9,17.16042549294621
2024-08-12,534.32,1016,0.49606299212598426,0.44606299212598427,0.017704746219493694,True,SIM-CALL-524-3D,call,524.0,3,6.381595441158455,0.5003870365813649,9,9,17.693517539069344
2024-08-13,536.585,1017,0.49655850540806296,0.44655850540806297,0.030535702637979112,True,SIM-CALL-526-3D,call,526.0,3,7.366132047177718,0.5019106225646072,9,9,18.567337662142297
2024-08-14,542.95,1018,0.49705304518664045,0.44705304518664046,0.020756975780458653,True,SIM-CALL-532-3D,call,532.0,3,8.624682877137017,0.5023515146034909,9,9,19.817847781500348
2024-08-15,549.76,1019,0.4975466143277723,0.4475466143277723,0.01769863213038425,True,SIM-CALL-539-3D,call,539.0,3,9.200205666295314,0.5027916227449538,9,9,20.931204349822654
2024-08-16,551.36,1020,0.4980392156862745,0.44803921568627453,0.013221851421938435,True,SIM-CALL-540-3D,call,540.0,3,11.026055611955783,0.5043089972209356,9,9,22.375300546879185
2024-08-19,554.75,1021,0.49853085210577863,0.44853085210577864,0.010617395223073478,True,SIM-CALL-544-3D,call,544.0,3,11.424531431258192,0.5025924064530661,9,9,23.59807525156969
2024-08-20,559.16,1022,0.49902152641878667,0.4490215264187867,-0.00518635095500386,False,SIM-CALL-548-3D,call,548.0,3,12.577785963618465,0.5041072620186774,9,9,24.59031816353078
2024-08-21,559.765,1023,0.4995112414467253,0.44951124144672533,0.004153528712942167,False,SIM-CALL-549-3D,call,549.0,3,12.693900978256988,0.5013187327176984,9,9,25.176401072103296
2024-08-22,562.56,1024,0.5,0.45,-0.0031641069397041477,False,SIM-CALL-551-3D,call,551.0,3,13.824206885901928,0.5060546875,9,9,25.670028029705286
2024-08-23,559.59,1025,0.4995121951219512,0.44951219512195123,0.0035293697171143723,False,SIM-CALL-548-3D,call,548.0,3,13.34112561031441,0.5065839785248182,9,9,25.07259813687624
2024-08-26,563.43,1026,0.49902534113060426,0.44902534113060427,-0.009016204319968635,False,SIM-CALL-552-3D,call,552.0,3,13.374175205198194,0.5060401962046139,9,9,25.389653560582385
2024-08-27,559.46,1027,0.498539435248296,0.44853943524829604,-0.0020555535695135907,False,SIM-CALL-548-3D,call,548.0,3,13.013521967513892,0.5054975554595107,9,9,24.860829412378834
2024-08-28,561.195,1028,0.4980544747081712,0.4480544747081712,0.004232040556312766,False,SIM-CALL-550-3D,call,550.0,3,12.87928623594432,0.5049560524782826,9,9,25.03511897118039
2024-08-29,560.27,1029,0.4975704567541302,0.4475704567541302,-0.014475163760329868,True,SIM-CALL-549-3D,call,549.0,3,12.24145585523413,0.504415683468227,9,9,24.33826296050617
2024-08-30,560.64,1030,0.4970873786407767,0.4470873786407767,-0.017497859589041043,True,SIM-CALL-549-3D,call,549.0,3,12.231797036206384,0.5060112424209056,9,9,24.011700546224432
2024-09-03,560.475,1031,0.49660523763336567,0.4466052376333657,-0.019688656942771665,True,SIM-CALL-549-3D,call,549.0,3,12.226735828828069,0.505470874719556,9,9,24.132256917542882
2024-09-04,550.06,1032,0.49709302325581395,0.44709302325581396,-0.01745264153001469,True,SIM-CALL-539-3D,call,539.0,3,11.026774023763503,0.5039658488127086,9,9,22.79850703031197
2024-09-05,551.0,1033,0.4975798644724105,0.4475798644724105,-0.008275862068965467,False,SIM-CALL-540-3D,call,540.0,3,10.017334179580493,0.503527831212012,9,9,21.765879147839023
2024-09-06,550.005,1034,0.49806576402321084,0.44806576402321086,-0.0022636157853110905,False,SIM-CALL-539-3D,call,539.0,3,8.959127147165754,0.5030905492145407,9,9,20.53093697601798
2024-09-09,544.68,1035,0.4985507246376812,0.4485507246376812,0.017533230520672793,True,SIM-CALL-534-3D,call,534.0,3,7.715155240949823,0.5026540013364739,9,9,19.273604830744574
2024-09-10,548.365,1036,0.4980694980694981,0.4480694980694981,0.01950343293244461,True,SIM-CALL-537-3D,call,537.0,3,7.666488113071896,0.5042425226146157,9,9,18.765097781086833
2024-09-11,548.69,1037,0.49758919961427195,0.44758919961427196,0.02405730011481877,True,SIM-CALL-538-3D,call,538.0,3,6.78926303990354,0.500526245631135,9,9,18.564581375626606
2024-09-12,555.085,1038,0.4980732177263969,0.4480732177263969,0.014024879072574326,True,SIM-CALL-544-3D,call,544.0,3,7.872525569691019,0.5020192958206192,9,9,19.58366816452473
2024-09-13,559.71,1039,0.4985563041385948,0.4485563041385948,0.006146039913526469,False,SIM-CALL-549-3D,call,549.0,3,8.224363972970874,0.49927600159487456,9,9,20.582842176122405
2024-09-16,561.79,1040,0.49903846153846154,0.44903846153846155,-0.0007120098257356045,False,SIM-CALL-551-3D,call,551.0,3,9.357536026347745,0.49971002965133865,9,9,21.823612171571853
2024-09-17,565.11,1041,0.49951969260326606,0.4495196926032661,0.010405053883314697,True,SIM-CALL-554-3D,call,554.0,3,10.286361731996811,0.5033130527027627,9,9,22.615271950346095
2024-09-18,563.71,1042,0.4990403071017274,0.44904030710172743,0.007663514927888304,False,SIM-CALL-552-3D,call,552.0,3,11.031198214525082,0.5059474895531219,9,9,22.70796399599472
2024-09-19,571.04,1043,0.49856184084372,0.44856184084372,-0.0025217147660407946,False,SIM-CALL-560-3D,call,560.0,3,10.186729461388847,0.5022501557177279,9,9,22.809966794752775
2024-09-20,567.86,1044,0.4990421455938697,0.44904214559386973,0.0059521713098298346,False,SIM-CALL-557-3D,call,557.0,3,10.349551358150244,0.5005730316361401,9,9,23.053394710413357
2024-09-23,569.27,1045,0.49856459330143543,0.44856459330143544,0.0012559945192966993,False,SIM-CALL-558-3D,call,558.0,3,11.159495490870789,0.5042548757019106,9,9,23.47049885144844
2024-09-24,570.48,1046,0.4980879541108987,0.4480879541108987,0.0029624176132379,False,SIM-CALL-559-3D,call,559.0,3,11.06472646035763,0.5037239890719264,9,9,23.239081716949215
2024-09-25,571.145,1047,0.4976122254059217,0.4476122254059217,0.0004464715615124515,False,SIM-CALL-560-3D,call,560.0,3,10.907494225787561,0.5031941949580743,9,9,23.408324288120674
2024-09-26,574.58,1048,0.49713740458015265,0.44713740458015266,-0.0009311149013193631,False,SIM-CALL-563-3D,call,563.0,3,11.28924388390051,0.5037145649206383,9,9,23.501782986430555
2024-09-27,573.5,1049,0.4966634890371783,0.4466634890371783,-0.008526591107236192,False,SIM-CALL-562-3D,call,562.0,3,11.235428607530846,0.5042338416348419,9,9,23.467648964553334
2024-09-30,570.505,1050,0.4961904761904762,0.4461904761904762,-0.0029359953024074015,False,SIM-CALL-559-3D,call,559.0,3,11.116139232872364,0.5037051298863866,9,9,23.22356679489525
2024-10-01,573.435,1051,0.49571836346336823,0.44571836346336824,-0.009896500911175554,False,SIM-CALL-562-3D,call,562.0,3,10.83432642201359,0.5031775012686388,9,9,23.135967957270434
2024-10-02,567.71,1052,0.49524714828897337,0.4452471482889734,0.009203642704902038,False,SIM-CALL-556-3D,call,556.0,3,10.441844076463099,0.5047404168596491,9,9,22.3062910365603
2024-10-03,567.38,1053,0.49477682811016144,0.44477682811016145,0.0007402446332263057,False,SIM-CALL-556-3D,call,556.0,3,9.806998469099124,0.5021254793479261,9,9,21.98303943195506
2024-10-04,572.35,1054,0.49430740037950666,0.44430740037950667,0.0014676334410763658,False,SIM-CALL-561-3D,call,561.0,3,9.012416090805795,0.5016010790478074,9,9,21.47717391605807
2024-10-07,571.26,1055,0.4938388625592417,0.4438388625592417,0.010170500297587814,True,SIM-CALL-560-3D,call,560.0,3,9.308908628777242,0.5021192481412498,9,9,21.770713779251786
2024-10-08,570.41,1056,0.4933712121212121,0.4433712121212121,0.01015059343279412,True,SIM-CALL-559-3D,call,559.0,3,9.379279699670462,0.5015959100394586,9,9,21.659130148278823
2024-10-09,573.16,1057,0.49290444654683063,0.44290444654683064,0.011235955056179803,True,SIM-CALL-562-3D,call,562.0,3,8.995358139822605,0.5000342791505549,9,9,21.630946128236257
2024-10-10,575.72,1058,0.4933837429111531,0.4433837429111531,0.014920447439727536,True,SIM-CALL-564-3D,call,564.0,3,9.995384002072182,0.5025368507612946,9,9,22.222279616210646
2024-10-11,575.955,1059,0.493862134088763,0.443862134088763,0.006884218385116769,False,SIM-CALL-564-3D,call,564.0,3,10.581465073277467,0.5039975539310905,9,9,22.63390793348736
2024-10-14,581.215,1060,0.49433962264150944,0.44433962264150945,0.0018151630635823146,False,SIM-CALL-570-3D,call,570.0,3,10.155310913389947,0.5013090334729922,9,9,23.162559966774634
2024-10-15,584.64,1061,0.4948162111215834,0.4448162111215834,-0.003968253968253843,False,SIM-CALL-573-3D,call,573.0,3,11.30108375666735,0.5027682911348736,9,9,24.084780498742266
2024-10-16,579.785,1062,0.4943502824858757,0.4443502824858757,0.008304802642358888,False,SIM-CALL-568-3D,call,568.0,3,11.732966412598017,0.5043166066224489,9,9,24.148926601467974
2024-10-17,585.93,1063,0.49388523047977423,0.44388523047977424,-0.00377178161213787,False,SIM-CALL-574-3D,call,574.0,3,11.833934439799584,0.5037943996281695,9,9,24.356332811317145
2024-10-18,584.09,1064,0.4934210526315789,0.44342105263157894,-0.0013011693403414126,False,SIM-CALL-572-3D,call,572.0,3,11.59321825470551,0.5043058620577417,9,9,23.92254920607301
2024-10-21,583.91,1065,0.49295774647887325,0.44295774647887326,-0.010052919114247105,True,SIM-CALL-572-3D,call,572.0,3,11.770482941512645,0.5037847082494971,9,9,24.2133322190261
2024-10-22,581.05,1066,0.4924953095684803,0.4424953095684803,-0.0031322605627741584,False,SIM-CALL-569-3D,call,569.0,3,11.524446504850886,0.5042951131491774,9,9,23.75116637737261
2024-10-23,581.32,1067,0.49203373945641987,0.4420337394564199,-0.003973714993463218,False,SIM-CALL-570-3D,call,570.0,3,10.461164214872946,0.5006866340694469,9,9,23.398444462817235
2024-10-24,580.02,1068,0.49250936329588013,0.44250936329588014,0.0012930588600392756,False,SIM-CALL-568-3D,call,568.0,3,10.661266710779994,0.5033521842032621,9,9,22.802266172270095
2024-10-25,581.595,1069,0.4920486435921422,0.4420486435921422,0.00018053800324979719,False,SIM-CALL-570-3D,call,570.0,3,9.864126533680427,0.5007789527549736,9,9,22.47955917485678
2024-10-28,582.62,1070,0.491588785046729,0.441588785046729,-0.004548419209776444,False,SIM-CALL-571-3D,call,571.0,3,9.497645498246447,0.500263918487156,9,9,22.155388649066087
2024-10-29,579.865,1071,0.4911297852474323,0.4411297852474323,-0.019668371086373537,True,SIM-CALL-568-3D,call,568.0,3,9.720930215323166,0.500775367018239,9,9,22.035280003492076
2024-10-30,581.295,1072,0.4906716417910448,0.4406716417910448,-0.017658847917150444,True,SIM-CALL-570-3D,call,570.0,3,8.857051607936862,0.49821253434910434,9,9,21.777555341121346
2024-10-31,575.5,1073,0.4902143522833178,0.4402143522833178,-0.00993918331885324,False,SIM-CALL-564-3D,call,564.0,3,8.779975332912331,0.4987249997575518,9,9,21.287323737407057
2024-11-01,571.26,1074,0.49068901303538176,0.44068901303538177,0.009505304064699294,False,SIM-CALL-560-3D,call,560.0,3,7.455229723663905,0.4983090385400875,9,9,19.886917498711433
2024-11-04,571.17,1075,0.49116279069767443,0.44116279069767445,0.0347357179123553,True,SIM-CALL-560-3D,call,560.0,3,6.378074090477493,0.49789374308322804,9,9,18.773287450216728
2024-11-05,570.68,1076,0.49070631970260226,0.44070631970260227,0.04393004836335601,True,SIM-CALL-559-3D,call,559.0,3,6.292964014066094,0.49840518359592456,9,9,18.23927421616196
2024-11-06,589.22,1077,0.49025069637883006,0.4402506963788301,0.015325345371847376,True,SIM-CALL-577-3D,call,577.0,3,7.086930791157658,0.4999351606041694,9,9,19.230020196298515
2024-11-07,593.21,1078,0.4907235621521336,0.4407235621521336,0.00944016452858154,False,SIM-CALL-581-3D,call,581.0,3,8.644016782037623,0.4993340973447931,9,9,21.12017215703491
2024-11-08,596.26,1079,0.4911955514365153,0.4411955514365153,0.0010985140710428887,False,SIM-CALL-584-3D,call,584.0,3,10.736057256280365,0.49975191270845276,9,9,23.507912017084696
2024-11-11,599.91,1080,0.49166666666666664,0.44166666666666665,-0.0044840059342233785,False,SIM-CALL-588-3D,call,588.0,3,10.93259669084406,0.4991520278266597,9,9,24.23433766766465
2024-11-12,598.65,1081,0.49121184088806663,0.44121184088806664,-0.008736323394303858,False,SIM-CALL-587-3D,call,587.0,3,10.999649751148699,0.4986438926336698,9,9,24.455597262081124
2024-11-13,597.41,1082,0.4907578558225508,0.44075785582255084,-0.019534323161647715,True,SIM-CALL-585-3D,call,585.0,3,11.860146104885288,0.5011816412739797,9,9,24.552768255308248
2024-11-14,597.38,1083,0.4903047091412742,0.44030470914127423,-0.015350363252870758,True,SIM-CALL-585-3D,call,585.0,3,11.410222860544946,0.5006724661383255,9,9,24.155670365445935
2024-11-15,589.72,1084,0.48985239852398527,0.4398523985239853,0.0007969884012752892,False,SIM-CALL-578-3D,call,578.0,3,9.991611830011779,0.49813844918723194,9,9,23.082133851175843
2024-11-18,585.95,1085,0.49032258064516127,0.4403225806451613,0.007748101373837191,False,SIM-CALL-574-3D,call,574.0,3,9.248468003846494,0.49873931971619534,9,9,21.83695182113783
2024-11-19,584.74,1086,0.49079189686924496,0.44079189686924497,0.01526319389814268,True,SIM-CALL-573-3D,call,573.0,3,8.137971151506811,0.49731669153690816,9,9,20.759375824749867
2024-11-20,590.44,1087,0.49034038638454464,0.44034038638454465,0.00856988008942472,False,SIM-CALL-579-3D,call,579.0,3,7.530963182912445,0.49580305803691616,9,9,20.67657001431691
2024-11-21,593.4,1088,0.4898897058823529,0.43988970588235293,0.006892483990562859,False,SIM-CALL-582-3D,call,582.0,3,7.726317261544555,0.49429243398845263,9,9,20.99834207729867
2024-11-22,593.69,1089,0.4903581267217631,0.4403581267217631,0.011849618487763003,True,SIM-CALL-582-3D,call,582.0,3,8.779577054705575,0.49773565793484076,9,9,21.830067758114524
2024-11-25,599.49,1090,0.48990825688073397,0.439908256880734,-0.0013511484762048775,False,SIM-CALL-588-3D,call,588.0,3,8.752377345780959,0.4952185082157962,9,9,22.202401457140244
2024-11-26,598.815,1091,0.4894592117323556,0.43945921173235564,0.0061371208136067334,False,SIM-CALL-587-3D,call,587.0,3,9.51877124070491,0.4987444975322989,9,9,22.581984816312183
2024-11-27,600.5,1092,0.4899267399267399,0.4399267399267399,0.005278934221482068,False,SIM-CALL-588-3D,call,588.0,3,10.831951800820553,0.5021743020370514,9,9,23.37636979237797
2024-11-29,599.64,1093,0.48947849954254347,0.4394784995425435,0.007054232539523753,False,SIM-CALL-588-3D,call,588.0,3,9.4745414520737,0.4976507839005822,9,9,22.79362735515417
2024-12-02,602.995,1094,0.4890310786106033,0.4390310786106033,0.007670047015315262,False,SIM-CALL-591-3D,call,591.0,3,10.174405327439477,0.4991573637287768,9,9,23.255328875036017
2024-12-03,603.45,1095,0.4885844748858447,0.43858447488584473,0.005369127516778649,False,SIM-CALL-591-3D,call,591.0,3,10.929733494545774,0.5016634736726594,9,9,23.58905250302706
2024-12-04,605.74,1096,0.48813868613138683,0.43813868613138685,0.0035493776207613514,False,SIM-CALL-594-3D,call,594.0,3,10.191836515869294,0.49915693412416967,9,9,23.57483342351439
2024-12-05,607.655,1097,0.487693710118505,0.437693710118505,-0.004945240309056964,False,SIM-CALL-596-3D,call,596.0,3,10.32925625593239,0.49765588559903845,9,9,23.840193933930887
2024-12-06,607.47,1098,0.4872495446265938,0.4372495446265938,-0.0075230052512882395,False,SIM-CALL-595-3D,call,595.0,3,11.69278017690226,0.5021551316540976,9,9,24.39338479778354
2024-12-09,607.59,1099,0.48680618744313015,0.43680618744313016,-3.2916934116777874e-05,False,SIM-CALL-595-3D,call,595.0,3,11.89692069893124,0.5036497767000533,9,9,24.481114497783977
2024-12-10,605.36,1100,0.4863636363636364,0.4363636363636364,-0.0016023523192811862,False,SIM-CALL-593-3D,call,593.0,3,11.181384997002677,0.5021487056488297,9,9,23.911825249132114
2024-12-11,605.77,1101,0.485921889191644,0.435921889191644,-0.0024926952473710573,False,SIM-CALL-594-3D,call,594.0,3,9.706106359526407,0.4996539751292923,9,9,23.05515849322784
2024-12-12,606.59,1102,0.48548094373865697,0.435480943738657,0.00041213999571376725,False,SIM-CALL-594-3D,call,594.0,3,10.692660852180374,0.5021422625924212,9,9,23.31533959193621
2024-12-13,606.35,1103,0.485040797824116,0.43504079782411603,-0.0034798383771749153,False,SIM-CALL-594-3D,call,594.0,3,10.15405474684954,0.5006470651081313,9,9,22.99179185883973
2024-12-16,606.0,1104,0.4846014492753623,0.4346014492753623,-0.032351485148514936,True,SIM-CALL-594-3D,call,594.0,3,9.351675470397533,0.4991547913115367,9,9,22.516866370922486
2024-12-17,604.18,1105,0.4841628959276018,0.4341628959276018,-0.029891754113012592,True,SIM-CALL-592-3D,call,592.0,3,9.516594468347765,0.4986581288082981,9,9,22.44037200780168
2024-12-18,603.975,1106,0.4837251356238698,0.43372513562386983,-0.021598576100004263,True,SIM-CALL-592-3D,call,592.0,3,8.856161601350314,0.4981624281620656,9,9,21.985762058459283
2024-12-19,591.355,1107,0.48419150858175247,0.4341915085817525,-0.003880917553753749,False,SIM-CALL-580-3D,call,580.0,3,7.021986308104456,0.4947874138389727,9,9,20.109242976345794
2024-12-20,581.77,1108,0.48465703971119134,0.43465703971119135,0.03329494473761119,True,SIM-CALL-570-3D,call,570.0,3,6.745134894700167,0.4973584681650688,9,9,18.900195359025894
2024-12-23,590.935,1109,0.48512173128944996,0.43512173128945,0.01731154864748241,True,SIM-CALL-579-3D,call,579.0,3,5.744413260712081,0.4969574176821285,9,9,17.972521092733174
2024-12-24,596.11,1110,0.4846846846846847,0.4346846846846847,-0.0018788478636493355,False,SIM-CALL-584-3D,call,584.0,3,5.508230632068606,0.4974534595817124,9,9,17.80132876988555
2024-12-26,599.465,1111,0.48514851485148514,0.43514851485148515,-0.018708348277213904,True,SIM-CALL-587-3D,call,587.0,3,7.333277338909215,0.4988478635932667,9,9,19.59378740312
2024-12-27,597.47,1112,0.4856115107913669,0.4356115107913669,-0.019080455922473094,True,SIM-CALL-586-3D,call,586.0,3,6.817800902434833,0.4943198308486078,9,9,20.02235395571675
2024-12-30,587.97,1113,0.48517520215633425,0.43517520215633426,-0.005697569603891339,False,SIM-CALL-576-3D,call,576.0,3,7.386655990328193,0.4977743359848467,9,9,19.725157129894985
2024-12-31,589.99,1114,0.4856373429084381,0.4356373429084381,0.0033051407650976916,False,SIM-CALL-578-3D,call,578.0,3,6.385443151419081,0.49737468647653077,9,9,18.65767901723313
2025-01-02,589.39,1115,0.4860986547085202,0.4360986547085202,0.010230916710497251,True,SIM-CALL-578-3D,call,578.0,3,4.556485737097061,0.49500740857665665,9,9,17.257599574814847
2025-01-03,587.54,1116,0.48566308243727596,0.435663082437276,0.002025394015726656,False,SIM-CALL-576-3D,call,576.0,3,4.339210243644809,0.4955027914334442,9,9,16.844857662934388
2025-01-06,595.955,1117,0.4852282900626679,0.4352282900626679,-0.011099831363106327,True,SIM-CALL-584-3D,call,584.0,3,4.79767942927661,0.49599720263288033,9,9,17.22702044544852
2025-01-07,597.435,1118,0.4856887298747764,0.4356887298747764,-0.028362918141722426,True,SIM-CALL-585-3D,call,585.0,3,5.703282870149143,0.4993470034668075,9,9,17.78340206089344
2025-01-08,588.68,1119,0.48525469168900803,0.43525469168900804,-0.012349663654277365,True,SIM-CALL-577-3D,call,577.0,3,4.912205166788243,0.4959149598451821,9,9,17.335682952244767
2025-01-10,585.87,1120,0.4857142857142857,0.4357142857142857,-0.006264188301158935,False,SIM-CALL-574-3D,call,574.0,3,4.58316874106422,0.4955189367413632,9,9,16.629741114090827
2025-01-13,575.76,1121,0.48617305976806424,0.43617305976806425,0.029508823120744765,True,SIM-CALL-564-3D,call,564.0,3,3.569254098940941,0.49610238459135714,9,9,15.188347520160155
2025-01-14,584.34,1122,0.48663101604278075,0.43663101604278076,0.01259540678372173,True,SIM-CALL-573-3D,call,573.0,3,2.162006598223289,0.49375063253739726,9,9,14.43764322138456
2025-01-15,590.57,1123,0.48619768477292963,0.43619768477292964,0.01197148517533897,True,SIM-CALL-579-3D,call,579.0,3,1.8351228333390246,0.4942442282625331,9,9,14.166166023869497
2025-01-16,594.06,1124,0.48665480427046265,0.43665480427046266,0.014914318419015027,True,SIM-CALL-582-3D,call,582.0,3,3.6909792172433313,0.49562541953512373,9,9,15.82548770300673
2025-01-17,596.95,1125,0.4871111111111111,0.4371111111111111,0.015713208811458212,True,SIM-CALL-585-3D,call,585.0,3,3.9850071211553986,0.4950532925428813,9,9,16.379170714821445
2025-01-21,600.79,1126,0.48756660746003555,0.43756660746003556,0.014713959952729061,True,SIM-CALL-589-3D,call,589.0,3,4.142283943815601,0.4954568531093804,9,9,16.8846293108845
2025-01-22,605.93,1127,0.4880212954747116,0.43802129547471164,0.0032842077467694075,False,SIM-CALL-594-3D,call,594.0,3,4.835891019751326,0.4958597677444465,9,9,17.704150508817783
2025-01-23,605.79,1128,0.48847517730496454,0.43847517730496455,-0.010399643440796247,True,SIM-CALL-594-3D,call,594.0,3,5.283350614927439,0.49528885784856225,9,9,18.345365475108544
2025-01-24,609.795,1129,0.48892825509300264,0.43892825509300265,-0.008683246008904577,False,SIM-CALL-598-3D,call,598.0,3,5.800427450584268,0.4956912698564193,9,9,19.076357628830156
2025-01-27,594.82,1130,0.48849557522123893,0.43849557522123894,0.011768266030059538,True,SIM-CALL-583-3D,call,583.0,3,6.163778319778954,0.4971516055327819,9,9,18.789616045160876
2025-01-28,600.71,1131,0.48894783377542,0.43894783377542,0.0067753158762129395,False,SIM-CALL-589-3D,call,589.0,3,5.285103715797255,0.49578737967691133,9,9,18.17485012489206
2025-01-29,603.715,1132,0.48851590106007065,0.43851590106007066,-0.0031968726965538874,False,SIM-CALL-592-3D,call,592.0,3,4.5756747952705,0.4953055646445831,9,9,17.632021191357463
2025-01-30,604.035,1133,0.4889673433362754,0.4389673433362754,-0.010487802859105666,True,SIM-CALL-592-3D,call,592.0,3,5.484560279696593,0.4966755095766209,9,9,18.278783050243074
2025-01-31,607.5,1134,0.48853615520282184,0.43853615520282185,-0.009481481481481424,False,SIM-CALL-595-3D,call,595.0,3,6.271693095282004,0.4981297671795203,9,9,18.74369498002445
2025-02-03,592.51,1135,0.4881057268722467,0.4381057268722467,0.019628360702772962,True,SIM-CALL-581-3D,call,581.0,3,4.866311471097995,0.495712770906962,9,9,17.6922187194548
2025-02-04,597.635,1136,0.488556338028169,0.438556338028169,0.014398420440570048,True,SIM-CALL-586-3D,call,586.0,3,4.337262426425006,0.4953221532603851,9,9,17.165773898610546
2025-02-05,600.625,1137,0.48812664907651715,0.43812664907651716,0.00033298647242463453,False,SIM-CALL-589-3D,call,589.0,3,3.5556727594438833,0.4948429274145347,9,9,16.568487025249464
2025-02-06,605.99,1138,0.48857644991212656,0.4385764499121266,-0.0018977210845062542,False,SIM-CALL-594-3D,call,594.0,3,4.810875246170579,0.49620712956205437,9,9,17.76344000222383
2025-02-07,606.84,1139,0.4890254609306409,0.43902546093064093,-0.002653088128666603,False,SIM-CALL-595-3D,call,595.0,3,5.138373449115994,0.495641407645824,9,9,18.32350185615007
2025-02-10,604.02,1140,0.4885964912280702,0.4385964912280702,-0.0012251249958610266,False,SIM-CALL-592-3D,call,592.0,3,5.343562796319806,0.4961260513222631,9,9,18.241460463415585
2025-02-11,602.56,1141,0.48816827344434705,0.43816827344434706,0.011832846521508511,True,SIM-CALL-591-3D,call,591.0,3,4.397945635450836,0.4927616002051636,9,9,17.701184374693515
2025-02-12,599.215,1142,0.48774080560420313,0.43774080560420314,0.01728094256652457,True,SIM-CALL-587-3D,call,587.0,3,5.153856620614951,0.4961314178716638,9,9,17.71025631877637
2025-02-13,604.49,1143,0.4873140857392826,0.4373140857392826,0.011364952273817508,True,SIM-CALL-592-3D,call,592.0,3,5.191655331322088,0.49661418526337986,9,9,17.719111729457907
2025-02-14,609.94,1144,0.48776223776223776,0.43776223776223777,0.0049185165754008775,False,SIM-CALL-598-3D,call,598.0,3,4.771966828544393,0.49509130208238433,9,9,18.063239269882985
2025-02-18,610.885,1145,0.4882096069868996,0.4382096069868996,-0.0007775604246298418,False,SIM-CALL-599-3D,call,599.0,3,5.376780698532727,0.4945295350178284,9,9,18.829007820963444
2025-02-19,610.055,1146,0.4886561954624782,0.4386561954624782,-0.016449336535230397,True,SIM-CALL-598-3D,call,598.0,3,6.087922446909063,0.4958845156408614,9,9,19.375537891944266
2025-02-20,611.54,1147,0.4882301656495205,0.4382301656495205,-0.023416293292343848,True,SIM-CALL-599-3D,call,599.0,3,6.886663206600718,0.49732292588536064,9,9,19.765484692412965
2025-02-21,610.21,1148,0.4878048780487805,0.4378048780487805,-0.02605660346438121,True,SIM-CALL-598-3D,call,598.0,3,6.270886238338693,0.4958902646424424,9,9,19.402967113367808
2025-02-24,602.015,1149,0.48825065274151436,0.43825065274151437,-0.012499688545966392,True,SIM-CALL-590-3D,call,590.0,3,5.255209181881934,0.4955039931947144,9,9,18.125594687841172
2025-02-25,597.13,1150,0.48869565217391303,0.43869565217391304,-0.02026359419221946,True,SIM-CALL-585-3D,call,585.0,3,4.459306862398461,0.49607289689819917,9,9,16.897567308023163
2025-02-26,596.02,1151,0.4891398783666377,0.4391398783666377,-0.0035653166001140546,False,SIM-CALL-584-3D,call,584.0,3,3.286404181388752,0.4947331770691465,9,9,15.649204111981254
2025-02-27,596.88,1152,0.4895833333333333,0.4395833333333333,-0.021679399544296873,True,SIM-CALL-585-3D,call,585.0,3,2.393703905231275,0.49434863040961063,9,9,14.83113479407817
2025-02-28,585.36,1153,0.4900260190806591,0.44002601908065914,-0.01448681153478204,True,SIM-CALL-574-3D,call,574.0,3,0.9315860159842,0.4930123199952716,9,9,13.287866133443186
2025-03-03,596.18,1154,0.4896013864818024,0.4396013864818024,-0.0220738703076252,True,SIM-CALL-584-3D,call,584.0,3,1.406047499752104,0.4944451392037302,9,9,13.427668565820506
2025-03-04,579.71,1155,0.49004329004329006,0.44004329004329007,-0.012040503010125825,True,SIM-CALL-568-3D,call,568.0,3,0.19153527977654766,0.49311105019213636,9,9,11.875770998285299
2025-03-05,576.65,1156,0.49048442906574397,0.440484429065744,-0.0015433972080117764,False,SIM-CALL-565-3D,call,565.0,3,-0.5587820481820637,0.4927289709600157,9,9,10.96515733960654
2025-03-06,575.485,1157,0.4909248055315471,0.4409248055315471,-0.02550023024057979,True,SIM-CALL-564-3D,call,564.0,3,-1.7176535825639891,0.4923474597528308,9,9,9.792685890451098
2025-03-07,570.905,1158,0.4913644214162349,0.4413644214162349,-0.02596754276105473,True,SIM-CALL-559-3D,call,559.0,3,-1.8232606884060902,0.4948118580914973,9,9,9.041973467467741
2025-03-10,567.59,1159,0.4909404659188956,0.44094046591889563,-0.015275110555154403,True,SIM-CALL-556-3D,call,556.0,3,-2.2430981554663143,0.49244698530709863,9,9,8.790008205266195
2025-03-11,559.27,1160,0.49137931034482757,0.4413793103448276,-0.013714306149087085,True,SIM-CALL-548-3D,call,548.0,3,-3.3435230630373187,0.4911197924677269,9,9,7.546248654148188
2025-03-12,562.19,1161,0.491817398794143,0.441817398794143,0.0010494672619576484,False,SIM-CALL-551-3D,call,551.0,3,-4.472582287531001,0.49074072130982577,9,9,6.487984971876971
2025-03-13,558.395,1162,0.49225473321858865,0.44225473321858866,0.015446055211812526,True,SIM-CALL-547-3D,call,547.0,3,-4.92460194581203,0.49130754328375326,9,9,5.597699285631032
2025-03-14,556.13,1163,0.4926913155631986,0.44269131556319863,0.008613094060741178,False,SIM-CALL-545-3D,call,545.0,3,-5.799999559092963,0.4899842645296663,9,9,4.799439200636242
2025-03-17,562.815,1164,0.49226804123711343,0.44226804123711344,0.007435835931878021,False,SIM-CALL-552-3D,call,552.0,3,-6.458580120577662,0.4866898696437641,9,9,4.719206881982638
2025-03-18,564.79,1165,0.4927038626609442,0.4427038626609442,0.0015935126330142158,False,SIM-CALL-553-3D,call,553.0,3,-4.947098279850919,0.4927445185076269,9,9,5.419224826755002
2025-03-19,562.83,1166,0.4922813036020583,0.4422813036020583,0.0023808254712789356,False,SIM-CALL-552-3D,call,552.0,3,-5.534004551813668,0.48756900173432616,9,9,5.643931037759875
2025-03-20,563.135,1167,0.49185946872322195,0.44185946872322196,0.019329290489846995,True,SIM-CALL-552-3D,call,552.0,3,-4.899013246147815,0.49087405033923853,9,9,5.9473100654168665
2025-03-21,559.21,1168,0.4914383561643836,0.4414383561643836,0.028960497845174293,True,SIM-CALL-548-3D,call,548.0,3,-4.734311604557474,0.4904115816494701,9,9,5.882342611499991
2025-03-24,570.76,1169,0.49101796407185627,0.4410179640718563,-0.0035216202957459863,False,SIM-CALL-559-3D,call,559.0,3,-4.512139381060384,0.49182889396447926,9,9,6.017824260523735
2025-03-25,575.4,1170,0.49145299145299143,0.44145299145299144,-0.014546402502606859,True,SIM-CALL-564-3D,call,564.0,3,-4.256999609177393,0.4912812143809586,9,9,6.8643429660537905
2025-03-26,575.205,1171,0.4918872758326217,0.4418872758326217,-0.03390964960318499,True,SIM-CALL-564-3D,call,564.0,3,-3.3076366044426684,0.48979638677987564,9,9,8.123908011803396
2025-03-27,567.185,1172,0.49146757679180886,0.44146757679180887,-0.013972513377469409,True,SIM-CALL-556-3D,call,556.0,3,-3.4100585292358185,0.4912107491034911,9,9,7.743964837249246
2025-03-28,565.375,1173,0.4919011082693947,0.4419011082693947,-0.007561353084236111,False,SIM-CALL-554-3D,call,554.0,3,-3.8697028591916203,0.4908354669756993,9,9,6.936392002174784
2025-03-31,549.83,1174,0.49233390119250425,0.44233390119250426,0.026917410836076572,True,SIM-CALL-539-3D,call,539.0,3,-4.954990650698983,0.4904607359030751,9,9,5.664526214442024
2025-04-01,557.45,1175,0.4927659574468085,0.4427659574468085,-0.036146739617903156,True,SIM-CALL-546-3D,call,546.0,3,-5.236963666072199,0.4910215113828591,9,9,4.992386901520672
2025-04-02,555.08,1176,0.4923469387755102,0.44234693877551023,-0.08854579520069183,True,SIM-CALL-544-3D,call,544.0,3,-6.033821384178034,0.4896279226664499,9,9,4.492692315047142
2025-04-03,545.13,1177,0.4927782497875956,0.4427782497875956,-0.07462440151890382,True,SIM-CALL-534-3D,call,534.0,3,-4.649438287600036,0.490951790785292,9,9,5.55893580768043
2025-04-04,523.64,1178,0.4932088285229202,0.4432088285229202,-0.05163853028798404,True,SIM-CALL-513-3D,call,513.0,3,-5.4136000204862595,0.49057813063811206,9,9,4.328911983804937
2025-04-07,489.14,1179,0.49363867684478374,0.44363867684478375,0.11001962628286388,True,SIM-CALL-479-3D,call,479.0,3,-5.746926522978725,0.4911369463724277,9,9,3.0637210233656837
2025-04-08,521.95,1180,0.4940677966101695,0.4440677966101695,0.005134591435961289,False,SIM-CALL-512-3D,call,512.0,3,-7.822153074672417,0.48517640289322495,9,9,2.336011800768238
2025-04-09,494.72,1181,0.4944961896697714,0.4444961896697714,0.07939844760672687,True,SIM-PUT-485-3D,put,485.0,3,-5.542372462640902,0.08220135014440977,9,9,0.7881835778910158
2025-04-10,532.18,1182,0.4949238578680203,0.4449238578680203,0.012777631628396513,True,SIM-CALL-522-3D,call,522.0,3,-4.432946178078257,0.48520062894192423,9,9,6.260136525769273
2025-04-11,522.99,1183,0.4945054945054945,0.44450549450549454,0.028012007877779688,True,SIM-CALL-513-3D,call,513.0,3,-4.239507729935376,0.4856780232031068,9,9,6.2640642786085285
2025-04-14,544.055,1184,0.49493243243243246,0.44493243243243247,-0.03368225638951927,True,SIM-CALL-533-3D,call,533.0,3,-0.620577444597092,0.4907103907530529,9,9,9.97786523378736
2025-04-15,539.67,1185,0.49535864978902955,0.44535864978902956,-0.02470027980061873,True,SIM-CALL-529-3D,call,529.0,3,-0.42045525932530753,0.4901700695064337,9,9,10.42209605827818
2025-04-16,531.645,1186,0.4957841483979764,0.4457841483979764,-0.03326467849786974,True,SIM-CALL-521-3D,call,521.0,3,0.7343644431572589,0.49055736286065804,9,9,11.38818759067034
2025-04-17,527.53,1187,0.4962089300758214,0.4462089300758214,-0.0010994635376185835,False,SIM-CALL-517-3D,call,517.0,3,-0.18760802547599076,0.49018649502170974,9,9,10.306194742019672
2025-04-21,521.19,1188,0.49663299663299665,0.44663299663299666,0.027053473781154525,True,SIM-CALL-511-3D,call,511.0,3,-1.2275329755498876,0.4898161680291378,9,9,9.250777276093675
2025-04-22,520.18,1189,0.49705634987384356,0.4470563498738436,0.05048252527971098,True,SIM-CALL-510-3D,call,510.0,3,-2.0792358513410165,0.48944638094187065,9,9,8.262254270987873
2025-04-23,540.45,1190,0.4966386554621849,0.4466386554621849,0.018688130261818703,True,SIM-CALL-530-3D,call,530.0,3,-2.434140639777183,0.4871458936701296,9,9,8.452702949753931
2025-04-24,536.69,1191,0.49706129303106633,0.44706129303106634,0.026793866105200292,True,SIM-CALL-526-3D,call,526.0,3,-1.179039383045163,0.48938013524556795,9,9,9.407506367027363
2025-04-25,547.32,1192,0.4974832214765101,0.4474832214765101,0.012369363443689219,True,SIM-CALL-536-3D,call,536.0,3,1.0085887429762728,0.4916109692386005,9,9,11.609352888255854
2025-04-28,551.26,1193,0.4979044425817267,0.44790444258172674,0.005006711896382798,False,SIM-CALL-540-3D,call,540.0,3,1.6345005635058492,0.4910733176459653,9,9,12.511832843264884
2025-04-29,548.89,1194,0.4983249581239531,0.4483249581239531,0.017325875858550832,True,SIM-CALL-538-3D,call,538.0,3,2.44883711593402,0.49053648714290626,9,9,13.699963713318366
2025-04-30,547.53,1195,0.49874476987447697,0.448744769874477,0.03475608642448802,True,SIM-CALL-537-3D,call,537.0,3,2.5823680699396303,0.4872395977514216,9,9,14.189311109463521
2025-05-01,560.41,1196,0.4983277591973244,0.4483277591973244,0.005638728787851877,False,SIM-CALL-549-3D,call,549.0,3,3.23629638836115,0.49230760626398207,9,9,14.450605599586005
2025-05-02,564.74,1197,0.49874686716791977,0.4487468671679198,-0.010642065375216947,True,SIM-CALL-553-3D,call,553.0,3,4.005013889604841,0.49360866047027113,9,9,15.137959761105614
2025-05-05,562.6,1198,0.4991652754590985,0.4491652754590985,-0.002506221116245988,False,SIM-CALL-551-3D,call,551.0,3,5.327279722897518,0.4939896831955154,9,9,16.649768643303776
2025-05-06,557.935,1199,0.4987489574645538,0.4487489574645538,0.012608995671538947,True,SIM-CALL-547-3D,call,547.0,3,5.07932670133021,0.4926186958795488,9,9,16.844440846389755
2025-05-07,560.2,1200,0.49916666666666665,0.44916666666666666,0.0070332024277042215,False,SIM-CALL-549-3D,call,549.0,3,4.7194281714587225,0.4922499784721624,9,9,16.236479262910677
2025-05-08,565.28,1201,0.4987510407993339,0.4487510407993339,0.031223464477780905,True,SIM-CALL-554-3D,call,554.0,3,4.491924738485282,0.4917985566662028,9,9,16.14947619813867
2025-05-09,566.49,1202,0.49916805324459235,0.44916805324459236,0.0357817437201009,True,SIM-CALL-555-3D,call,555.0,3,5.0560343550896105,0.4930946820820965,9,9,16.593456383834997
2025-05-12,581.475,1203,0.49875311720698257,0.4487531172069826,0.010275592243862652,True,SIM-CALL-570-3D,call,570.0,3,5.20847567868133,0.492643239537971,9,9,17.33612840057404
2025-05-13,583.46,1204,0.49916943521594687,0.4491694352159469,0.011911699173893453,True,SIM-CALL-572-3D,call,572.0,3,6.435180233736508,0.493023096302832,9,9,18.787890831384487
2025-05-14,587.83,1205,0.4995850622406639,0.4495850622406639,0.010972560093904571,True,SIM-CALL-576-3D,call,576.0,3,8.166110757844976,0.4934023809215184,9,9,20.478376582922113
2025-05-15,585.58,1206,0.5,0.45,0.01588168994842709,True,SIM-CALL-574-3D,call,574.0,3,8.32561838314523,0.4937810945273632,9,9,20.820852938829027
2025-05-16,591.27,1207,0.5004142502071252,0.45041425020712517,0.0027229522891403235,False,SIM-CALL-579-3D,call,579.0,3,9.191514559083894,0.495982076559633,9,9,21.28772767524403
2025-05-19,588.15,1208,0.5008278145695364,0.4508278145695364,-0.008824279520530331,False,SIM-CALL-576-3D,call,576.0,3,9.495713237748275,0.49635827984300857,9,9,21.609870591414623
2025-05-20,593.105,1209,0.5012406947890818,0.45124069478908185,-0.016936292899233818,True,SIM-CALL-581-3D,call,581.0,3,10.086311557480743,0.49582386917259186,9,9,22.494337916104666
2025-05-21,588.58,1210,0.5008264462809917,0.4508264462809917,-0.01593666111658565,True,SIM-CALL-577-3D,call,577.0,3,9.695778987051705,0.4953724255628453,9,9,22.421625478208743
2025-05-22,582.655,1211,0.500412881915772,0.45041288191577206,0.014425346045258358,True,SIM-CALL-571-3D,call,571.0,3,9.157745042476964,0.49492178566253897,9,9,21.609902159790007
2025-05-23,575.87,1212,0.5008250825082509,0.4508250825082509,0.02071648115025959,True,SIM-CALL-564-3D,call,564.0,3,8.456337684021191,0.49546256947096534,9,9,20.326816989179775
2025-05-27,586.09,1213,0.5012366034624897,0.45123660346248967,0.006586019212066363,False,SIM-CALL-574-3D,call,574.0,3,7.813768961818093,0.4960025191738979,9,9,19.786891538445584
2025-05-28,591.575,1214,0.5016474464579901,0.4516474464579901,-0.0038456662299793942,False,SIM-CALL-580-3D,call,580.0,3,7.940217779319183,0.49456415507150664,9,9,20.68103637985385
2025-05-29,593.1,1215,0.5020576131687243,0.45205761316872434,-0.0005226774574271786,False,SIM-CALL-581-3D,call,581.0,3,9.157839948971075,0.49584501246945356,9,9,21.524322537538396
2025-05-30,588.96,1216,0.5016447368421053,0.4516447368421053,0.012157022548220597,True,SIM-CALL-577-3D,call,577.0,3,9.27571040267543,0.49630061016239674,9,9,21.57893408093705
2025-06-02,587.76,1217,0.5012325390304027,0.45123253903040267,0.01398530012249899,True,SIM-CALL-576-3D,call,576.0,3,8.788098946669598,0.4949472507337081,9,9,21.256396689629142
2025-06-03,592.43,1218,0.5008210180623974,0.45082101806239744,0.0010971760376754514,False,SIM-CALL-581-3D,call,581.0,3,8.296628114079935,0.4917897972389991,9,9,21.297403193875102
2025-06-04,596.985,1219,0.5012305168170632,0.4512305168170632,0.0033334170875314317,False,SIM-CALL-585-3D,call,585.0,3,9.222536049566834,0.49487350476943187,9,9,21.888478119579805
2025-06-05,597.66,1220,0.5016393442622951,0.4516393442622951,0.0029615500451760646,False,SIM-CALL-586-3D,call,586.0,3,9.437093914518186,0.49344307233247053,9,9,22.498734280653938
2025-06-06,598.62,1221,0.5012285012285013,0.4512285012285013,0.007483879589722964,False,SIM-CALL-587-3D,call,587.0,3,9.313954804106448,0.4929977951529676,9,9,22.45443356359686
2025-06-09,599.75,1222,0.5008183306055647,0.4508183306055647,0.0030679449770738554,False,SIM-CALL-588-3D,call,588.0,3,9.47969250804106,0.4952541967391985,9,9,22.52042464280398
2025-06-10,600.335,1223,0.5004088307440719,0.45040883074407195,0.005638518493841005,False,SIM-CALL-588-3D,call,588.0,3,9.988744983604882,0.49660706726280573,9,9,22.476382156640955
2025-06-11,604.18,1224,0.5,0.45,-0.012248005561256492,True,SIM-CALL-592-3D,call,592.0,3,10.150269167811418,0.49616013071895426,9,9,22.903203462753712
2025-06-12,600.02,1225,0.4995918367346939,0.4495918367346939,0.004474850838305455,False,SIM-CALL-588-3D,call,588.0,3,10.048515517881134,0.49661187313424554,9,9,22.775045955496562
2025-06-13,598.54,1226,0.499184339314845,0.449184339314845,-0.0015704881879238242,False,SIM-CALL-587-3D,call,587.0,3,9.739329420478883,0.49437152060052464,9,9,22.86346500394604
2025-06-16,600.43,1227,0.49959250203748984,0.44959250203748985,-0.004846526655896577,False,SIM-CALL-588-3D,call,588.0,3,9.87642337841152,0.4984917543131251,9,9,22.127157680887848
2025-06-17,600.22,1228,0.499185667752443,0.449185667752443,-0.010062976908467025,True,SIM-CALL-588-3D,call,588.0,3,9.838564579442485,0.49804465390701275,9,9,22.25555142217901
2025-06-18,598.405,1229,0.49877949552481693,0.44877949552481694,0.002799107627777353,False,SIM-CALL-586-3D,call,586.0,3,9.745005398888154,0.498493176175623,9,9,21.930699431509648
2025-06-20,598.385,1230,0.4983739837398374,0.4483739837398374,0.013979294267068898,True,SIM-CALL-586-3D,call,586.0,3,9.343298360045802,0.49804684889462075,9,9,21.57290804314168
2025-06-23,595.07,1231,0.49878147847278637,0.4487814784727864,0.020384156485791616,True,SIM-CALL-583-3D,call,583.0,3,8.567880783292978,0.49679009219560183,9,9,20.885657122108878
2025-06-24,604.325,1232,0.49837662337662336,0.4483766233766234,0.01255119348032907,True,SIM-CALL-592-3D,call,592.0,3,8.772921008012903,0.49723859808218307,9,9,21.20850530137229
2025-06-25,607.91,1233,0.49878345498783455,0.44878345498783456,0.011383263969995783,True,SIM-CALL-596-3D,call,596.0,3,8.88212189219773,0.49671419728866695,9,9,21.91015000736612
2025-06-26,609.02,1234,0.4991896272285251,0.4491896272285251,0.014465863190043171,True,SIM-CALL-597-3D,call,597.0,3,9.786306094108989,0.49708184954020973,9,9,22.82653227850648
2025-06-27,612.895,1235,0.49959514170040487,0.4495951417004049,0.007741946010328071,False,SIM-CALL-601-3D,call,601.0,3,10.079849732203366,0.4956677159264969,9,9,23.444520256151318
2025-06-30,617.4,1236,0.5,0.45,0.004899578879170585,False,SIM-CALL-605-3D,call,605.0,3,10.983149861547469,0.49781553398058254,9,9,24.06499713768356
2025-07-01,616.395,1237,0.5004042037186742,0.45040420371867423,0.014625361983792828,True,SIM-CALL-604-3D,call,604.0,3,11.516598660124913,0.4981815682571746,9,9,24.610622085254448
2025-07-02,617.29,1238,0.5,0.45,0.00599394125937569,False,SIM-CALL-605-3D,call,605.0,3,11.703472816252482,0.498626817447496,9,9,24.89933900010831
2025-07-03,622.47,1239,0.4995964487489911,0.44959644874899113,-0.003510209327357239,False,SIM-CALL-610-3D,call,610.0,3,12.004845489831197,0.49907127334646717,9,9,25.215562830021348
2025-07-07,623.33,1240,0.5,0.45,0.0011310220910270008,False,SIM-CALL-611-3D,call,611.0,3,12.412376156697169,0.49943548387096776,9,9,25.842981158483262
2025-07-08,621.29,1241,0.49959709911361805,0.44959709911361806,0.0075085708767244075,False,SIM-CALL-609-3D,call,609.0,3,12.560349163164286,0.4998785078339328,9,9,25.919758984552704
2025-07-09,622.73,1242,0.499194847020934,0.449194847020934,0.0014613074687264138,False,SIM-CALL-610-3D,call,610.0,3,12.643440247574109,0.5003207446024017,9,9,25.663601490961568
2025-07-10,624.22,1243,0.498793242156074,0.448793242156074,0.0007849796546088861,False,SIM-CALL-612-3D,call,612.0,3,12.058431465846217,0.4989926723290982,9,9,25.625765336900802
2025-07-11,622.73,1244,0.4983922829581994,0.4483922829581994,-0.0008671494869364471,False,SIM-CALL-610-3D,call,610.0,3,12.841864282753372,0.5003188788401033,9,9,25.825095812080562
2025-07-14,623.13,1245,0.4979919678714859,0.44799196787148593,0.001765281722915013,False,SIM-CALL-611-3D,call,611.0,3,12.167108933874928,0.4972266899857495,9,9,25.741776734484922
2025-07-15,627.53,1246,0.49759229534510435,0.44759229534510436,0.0007170971905725576,False,SIM-CALL-615-3D,call,615.0,3,12.505230182598604,0.4985521029967234,9,9,25.864172680684028
2025-07-16,623.71,1247,0.4971932638331997,0.4471932638331997,0.0062208398133747345,False,SIM-CALL-611-3D,call,611.0,3,12.486847155140621,0.4989935213757242,9,9,25.5299448449945
2025-07-17,624.32,1248,0.4967948717948718,0.4467948717948718,0.007063685289595112,False,SIM-CALL-612-3D,call,612.0,3,12.047293990823617,0.49767236042842167,9,9,25.481723432910986
2025-07-18,629.25,1249,0.49639711769415534,0.44639711769415535,-0.0007469209376241848,False,SIM-CALL-617-3D,call,617.0,3,11.843235698492464,0.4954733628433081,9,9,25.550993836745914
2025-07-21,628.76,1250,0.496,0.446,0.008588332591131786,False,SIM-CALL-616-3D,call,616.0,3,12.601444588908086,0.49855437788018436,9,9,25.765223455371423
2025-07-22,628.975,1251,0.495603517186251,0.445603517186251,0.008768234031559352,False,SIM-CALL-616-3D,call,616.0,3,13.044487119585236,0.4998728216445299,9,9,25.987887455863216
2025-07-23,631.54,1252,0.4952076677316294,0.4452076677316294,0.008677201760775244,False,SIM-CALL-619-3D,call,619.0,3,12.441826821356099,0.4976776202583828,9,9,25.902379421438958
2025-07-24,634.61,1253,0.4948124501197127,0.4448124501197127,0.0036873040134886015,False,SIM-CALL-622-3D,call,622.0,3,12.84730773896553,0.4981174440884251,9,9,26.324674165936255
2025-07-25,635.13,1254,0.4944178628389155,0.4444178628389155,0.0002046825059436319,False,SIM-CALL-622-3D,call,622.0,3,13.70027275884636,0.500309120917876,9,9,26.671608005487208
2025-07-28,637.465,1255,0.4940239043824701,0.44402390438247014,-0.0045571129395340915,False,SIM-CALL-625-3D,call,625.0,3,13.347420959645655,0.4989947778102728,9,9,27.00371281338592
2025-07-29,638.35,1256,0.49363057324840764,0.44363057324840766,-0.010104174825722678,True,SIM-CALL-626-3D,call,626.0,3,13.253383953662032,0.49768270265799835,9,9,27.0479161541988
2025-07-30,636.0,1257,0.4932378679395386,0.4432378679395386,-0.022421383647798776,True,SIM-CALL-623-3D,call,623.0,3,13.866437383568966,0.49986904076020694,9,9,26.937199890300388
2025-07-31,639.46,1258,0.492845786963434,0.442845786963434,-0.013120445375785827,True,SIM-CALL-627-3D,call,627.0,3,12.859386649554354,0.49681189622938626,9,9,26.616698054110554
2025-08-01,626.33,1259,0.4932486100079428,0.4432486100079428,0.0027062411188989444,False,SIM-CALL-614-3D,call,614.0,3,12.183962698586138,0.49820340990839934,9,9,25.456206204715915
2025-08-04,625.72,1260,0.4936507936507937,0.4436507936507937,0.011155149268043285,True,SIM-CALL-613-3D,call,613.0,3,11.607236186704483,0.49872086617845574,9,9,24.35544336573074
2025-08-05,631.79,1261,0.4940523394131642,0.4440523394131642,0.0009021985153294665,False,SIM-CALL-619-3D,call,619.0,3,10.96572772739013,0.4974947670829951,9,9,23.796760233905356
2025-08-06,629.06,1262,0.4936608557844691,0.4436608557844691,0.013035322544749484,True,SIM-CALL-616-3D,call,616.0,3,11.20994074093329,0.499672802311036,9,9,23.677126173413082
2025-08-07,636.255,1263,0.49406175771971494,0.44406175771971496,-0.0006208202686029951,False,SIM-CALL-624-3D,call,624.0,3,10.717433146037328,0.49567953378757634,9,9,24.278829841804203
2025-08-08,634.11,1264,0.4936708860759494,0.4436708860759494,0.01343615461039871,True,SIM-CALL-621-3D,call,621.0,3,11.568616366333533,0.4995942114978903,9,9,24.21752765241736
2025-08-11,637.51,1265,0.49407114624505927,0.4440711462450593,0.011623347084751545,True,SIM-CALL-625-3D,call,625.0,3,11.418306549746182,0.49821322875494073,9,9,24.811960301895148
2025-08-12,638.29,1266,0.49368088467614535,0.44368088467614536,0.010355794388130724,True,SIM-CALL-626-3D,call,626.0,3,10.948188070177155,0.4943085138002677,9,9,24.604012006935115
2025-08-13,644.87,1267,0.4940805051302289,0.4440805051302289,-0.0020934451905035845,False,SIM-CALL-632-3D,call,632.0,3,12.129570591593536,0.49813712606703175,9,9,25.517785734212687
2025-08-14,642.805,1268,0.4944794952681388,0.4444794952681388,0.0006300511041452683,False,SIM-CALL-630-3D,call,630.0,3,12.479926195417338,0.49849365861190525,9,9,25.883012577266044
2025-08-15,646.06,1269,0.49487785657998423,0.44487785657998424,-0.009766894715660945,False,SIM-CALL-633-3D,call,633.0,3,13.105075386866991,0.4988496825262479,9,9,26.423347935787792
2025-08-18,642.855,1270,0.494488188976378,0.444488188976378,-0.007676692255640938,False,SIM-CALL-630-3D,call,630.0,3,12.633219319101187,0.49841729502396637,9,9,26.032203421700114
2025-08-19,643.155,1271,0.4940991345397325,0.4440991345397325,-0.011700134493240366,True,SIM-CALL-630-3D,call,630.0,3,12.837208426967848,0.49885018182045476,9,9,25.96784977315822
2025-08-20,639.39,1272,0.4937106918238994,0.4437106918238994,0.009258824817403921,False,SIM-CALL-627-3D,call,627.0,3,11.282275973226076,0.49582710672665115,9,9,25.051709942905152
2025-08-21,636.22,1273,0.49332285938727416,0.44332285938727417,0.009949388576278473,False,SIM-CALL-623-3D,call,623.0,3,11.644511708590944,0.49885064577245525,9,9,24.539712187565144
2025-08-22,637.755,1274,0.4937205651491366,0.4437205651491366,0.011611041857766624,True,SIM-CALL-625-3D,call,625.0,3,10.549565874491345,0.49677462340155326,9,9,23.849655976431833
2025-08-25,644.01,1275,0.49333333333333335,0.44333333333333336,0.0040372043912362265,False,SIM-CALL-631-3D,call,631.0,3,11.169272347257026,0.49720748612389476,9,9,24.43388510966097
2025-08-26,642.1,1276,0.49294670846394983,0.44294670846394985,0.010652546332347024,True,SIM-CALL-629-3D,call,629.0,3,11.68352918478182,0.49850058153446236,9,9,24.743890802383817
2025-08-27,644.555,1277,0.49334377447141736,0.4433437744714174,0.0007369425417536046,False,SIM-CALL-632-3D,call,632.0,3,11.43681488303292,0.49627318716777447,9,9,25.15321593404157
2025-08-28,647.165,1278,0.49295774647887325,0.44295774647887326,-0.010453284711008815,True,SIM-CALL-634-3D,call,634.0,3,12.238836606080406,0.49928431701319026,9,9,25.455950057973254
2025-08-29,647.455,1279,0.49335418295543393,0.44335418295543394,-0.005946359206431384,False,SIM-CALL-635-3D,call,635.0,3,11.709393878194835,0.4953418070412877,9,9,25.658386787017868
2025-09-02,637.5,1280,0.49296875,0.44296875,0.01807058823529406,True,SIM-CALL-625-3D,call,625.0,3,11.761431974900898,0.49834902348853166,9,9,25.257228017141852
2025-09-03,642.78,1281,0.4933645589383294,0.44336455893832943,0.006907495566134791,False,SIM-CALL-630-3D,call,630.0,3,11.505783230875975,0.49800021452339605,9,9,24.863616771359
2025-09-04,644.43,1282,0.49297971918876754,0.44297971918876755,0.0067501512964947,False,SIM-CALL-632-3D,call,632.0,3,10.540089477816245,0.49500181906010415,9,9,24.34388984677281
2025-09-05,651.455,1283,0.49337490257209665,0.44337490257209666,-0.0018343554044408794,False,SIM-CALL-638-3D,call,638.0,3,12.450064912488603,0.49963808487880107,9,9,25.62529811793775
2025-09-08,648.645,1284,0.4929906542056075,0.4429906542056075,0.005603989855776259,False,SIM-CALL-636-3D,call,636.0,3,11.75121711433647,0.49664296147942794,9,9,25.54699612798722
2025-09-09,648.945,1285,0.4926070038910506,0.4426070038910506,0.013259983511699547,True,SIM-CALL-636-3D,call,636.0,3,12.379373650828118,0.49878228131587876,9,9,25.864377734677205
2025-09-10,653.625,1286,0.49222395023328147,0.4422239502332815,0.005982023331420949,False,SIM-CALL-641-3D,call,641.0,3,11.651568508980606,0.4966471031428986,9,9,25.65302143976131
2025-09-11,654.25,1287,0.49184149184149184,0.44184149184149185,0.010087886893389353,True,SIM-CALL-641-3D,call,641.0,3,12.641011645299908,0.4987827897182651,9,9,26.036951958927823
2025-09-12,657.59,1288,0.4922360248447205,0.4422360248447205,0.0035584482732400335,False,SIM-CALL-644-3D,call,644.0,3,13.490219746698768,0.5008389188655421,9,9,26.752367387806256
2025-09-15,659.58,1289,0.4918541505042669,0.4418541505042669,-0.00033354558961762315,False,SIM-CALL-646-3D,call,646.0,3,13.67650840113508,0.500411363498671,9,9,26.997736690213
2025-09-16,661.47,1290,0.49224806201550386,0.4422480620155039,0.0011943096436723977,False,SIM-CALL-648-3D,call,648.0,3,13.907673151670076,0.5007601064779028,9,9,27.429003714247173
2025-09-17,660.04,1291,0.4918667699457785,0.4418667699457785,0.005302708926731681,False,SIM-CALL-647-3D,call,647.0,3,13.438381930216002,0.5003332732652835,9,9,27.292914366410734
2025-09-18,661.9,1292,0.4914860681114551,0.44148606811145513,0.007357606889258239,False,SIM-CALL-649-3D,call,649.0,3,13.062343010454404,0.4982069554380896,9,9,27.134936641718237
2025-09-19,662.305,1293,0.4911059551430781,0.4411059551430781,0.0014419338522282388,False,SIM-CALL-649-3D,call,649.0,3,13.529252015082692,0.4994817349773817,9,9,27.224175863010334
2025-09-22,662.21,1294,0.490726429675425,0.440726429675425,-0.0017215082828709871,False,SIM-CALL-649-3D,call,649.0,3,13.564854891720437,0.49990569622683156,9,9,27.322817652651853
2025-09-23,666.73,1295,0.49034749034749037,0.4403474903474904,-0.013408726171013852,True,SIM-CALL-653-3D,call,653.0,3,14.435665075655876,0.501176896806818,9,9,27.85838609270842
2025-09-24,664.48,1296,0.48996913580246915,0.43996913580246916,-0.004070852395858471,False,SIM-CALL-651-3D,call,651.0,3,14.096178846121662,0.5007514636292417,9,9,27.65402678130012
2025-09-25,657.93,1297,0.48959136468774095,0.43959136468774096,0.008693934005137294,False,SIM-CALL-645-3D,call,645.0,3,13.166643570514749,0.49948019623788853,9,9,26.998324969767072
2025-09-26,659.505,1298,0.4899845916795069,0.43998459167950693,0.009939272636295238,False,SIM-CALL-646-3D,call,646.0,3,13.173152818444906,0.4999814693346785,9,9,26.4328902588868
2025-09-29,664.375,1299,0.4896073903002309,0.43960739030023094,0.0062615239887111596,False,SIM-CALL-651-3D,call,651.0,3,12.625334735775635,0.498712808294765,9,9,26.217236114172152
2025-09-30,662.91,1300,0.48923076923076925,0.43923076923076926,0.009413042494456292,False,SIM-CALL-650-3D,call,650.0,3,12.33294213084692,0.4974462581822209,9,9,26.274809643922193
2025-10-01,663.195,1301,0.4888547271329746,0.43885472713297463,0.009069730622215166,False,SIM-CALL-650-3D,call,650.0,3,13.156596069807057,0.4995571233240237,9,9,26.786152040265733
2025-10-02,670.455,1302,0.48847926267281105,0.43847926267281107,0.0016854225861542282,False,SIM-CALL-657-3D,call,657.0,3,13.662726551259762,0.49997821380201174,9,9,27.304167332803928
2025-10-03,670.005,1303,0.48810437452033767,0.4381043745203377,-0.0012910351415288401,False,SIM-CALL-657-3D,call,657.0,3,13.402171575978967,0.49871375102859666,9,9,27.418665721106393
2025-10-06,671.625,1304,0.48773006134969327,0.4377300613496933,0.0021366089707797187,False,SIM-CALL-658-3D,call,658.0,3,14.629767651720126,0.5016599917424094,9,9,28.07376494814139
2025-10-07,672.55,1305,0.48735632183908045,0.43735632183908046,-0.0020221544866551033,False,SIM-CALL-659-3D,call,659.0,3,14.4807229402961,0.5003962181486463,9,9,28.025163827663373
2025-10-08,670.285,1306,0.4869831546707504,0.4369831546707504,-0.025377264894783536,True,SIM-CALL-657-3D,call,657.0,3,13.916638176346042,0.49997485951444204,9,9,27.63363244997925
2025-10-09,673.52,1307,0.486610558530987,0.436610558530987,-0.01552292433780722,True,SIM-CALL-660-3D,call,660.0,3,14.194359948357292,0.4995541925722328,9,9,27.80822671643739
2025-10-10,672.145,1308,0.48623853211009177,0.4362385321100918,-0.014714086990158304,True,SIM-CALL-659-3D,call,659.0,3,13.400136815770736,0.4991342155262659,9,9,27.334359113830654
2025-10-13,660.695,1309,0.48663101604278075,0.43663101604278076,0.006636950483960069,False,SIM-CALL-647-3D,call,647.0,3,13.143763848835961,0.5004697158583713,9,9,25.987877098562187
2025-10-14,657.17,1310,0.4870229007633588,0.4370229007633588,0.005508468128490263,False,SIM-CALL-644-3D,call,644.0,3,11.741228868236247,0.4984522762597585,9,9,24.82593964865703
2025-10-15,666.775,1311,0.4874141876430206,0.4374141876430206,-0.0037118968167673128,False,SIM-CALL-653-3D,call,653.0,3,11.617668901685187,0.4997863388057815,9,9,24.414669795156982
2025-10-16,666.835,1312,0.4870426829268293,0.4370426829268293,0.006650820667781332,False,SIM-CALL-653-3D,call,653.0,3,11.907683692647971,0.5002039248177469,9,9,24.624356951549526
2025-10-17,659.53,1313,0.48667174409748665,0.43667174409748666,0.017785392628083763,True,SIM-CALL-646-3D,call,646.0,3,11.782989555486992,0.49978501548101445,9,9,24.474203447977683
2025-10-20,667.305,1314,0.4863013698630137,0.4363013698630137,0.0007717610388053853,False,SIM-CALL-654-3D,call,654.0,3,11.094363694997968,0.49853168120850927,9,9,24.31377914276092
2025-10-21,671.35,1315,0.4859315589353612,0.43593155893536123,0.0002606688016681957,False,SIM-CALL-658-3D,call,658.0,3,11.342348737905496,0.4989492474781292,9,9,24.646808870334453
2025-10-22,671.68,1316,0.48632218844984804,0.43632218844984805,0.008069318723201713,False,SIM-CALL-658-3D,call,658.0,3,12.471336156737733,0.5001255963247064,9,9,25.548409138107303
2025-10-23,668.12,1317,0.4859529233105543,0.4359529233105543,0.025586720948332697,True,SIM-CALL-655-3D,call,655.0,3,11.637018970017898,0.4988748986733534,9,9,25.105615098581325
2025-10-24,676.425,1318,0.48558421851289835,0.43558421851289836,0.015589311453598098,True,SIM-CALL-663-3D,call,663.0,3,11.86772423312323,0.4984587223479304,9,9,25.369254645581112
2025-10-27,682.72,1319,0.4852160727824109,0.4352160727824109,0.006730431216311228,False,SIM-CALL-669-3D,call,669.0,3,12.526205823862561,0.49887501050272387,9,9,25.955138183327154
2025-10-28,687.04,1320,0.4856060606060606,0.4356060606060606,-0.010101304145318957,True,SIM-CALL-673-3D,call,673.0,3,13.983175755745126,0.5000477097675419,9,9,27.39442914713156
2025-10-29,688.72,1321,0.48599545798637395,0.43599545798637396,-0.00971367173887805,False,SIM-CALL-675-3D,call,675.0,3,14.165139127880476,0.49955751701407397,9,9,27.99605807241527
2025-10-30,683.68,1322,0.4856278366111952,0.4356278366111952,-0.00045342850456342454,False,SIM-CALL-670-3D,call,670.0,3,14.381070673574936,0.49997198389443864,9,9,28.02360387662691
2025-10-31,684.98,1323,0.4860166288737717,0.43601662887377174,-0.014117200502204552,True,SIM-CALL-671-3D,call,671.0,3,14.18404945151323,0.5004632666959993,9,9,27.520500563456523
2025-11-03,685.67,1324,0.48564954682779454,0.43564954682779455,-0.011929937141773705,True,SIM-CALL-672-3D,call,672.0,3,13.069505325003488,0.49921896048147,9,9,26.77249325008223
2025-11-04,676.08,1325,0.4852830188679245,0.43528301886792453,-0.008638031002248248,False,SIM-CALL-663-3D,call,663.0,3,12.08840868199791,0.4971486516709192,9,9,25.994880414656787
2025-11-05,674.955,1326,0.4856711915535445,0.4356711915535445,-0.0059781763228661244,False,SIM-CALL-661-3D,call,661.0,3,12.583377234583377,0.5001231250942496,9,9,25.524380854573884
2025-11-06,676.535,1327,0.4860587792012057,0.4360587792012057,0.00705802360557839,False,SIM-CALL-663-3D,call,663.0,3,11.373510925746121,0.49813212543048074,9,9,24.66874382144977
2025-11-07,667.885,1328,0.48569277108433734,0.43569277108433735,0.022481415213696954,True,SIM-CALL-655-3D,call,655.0,3,9.852183582590271,0.4952410424838036,9,9,23.487001616455313
2025-11-10,677.24,1329,0.4853273137697517,0.4353273137697517,0.008977615025692609,False,SIM-CALL-664-3D,call,664.0,3,9.808504914229086,0.49730793607375745,9,9,23.494373414707404
2025-11-11,679.945,1330,0.4849624060150376,0.4349624060150376,-0.011581819117722714,True,SIM-CALL-666-3D,call,666.0,3,11.040256883710777,0.4985465828890679,9,9,24.139105577184125
2025-11-12,684.84,1331,0.48534936138241924,0.43534936138241925,-0.018843817534022644,True,SIM-CALL-671-3D,call,671.0,3,11.775522663605527,0.49806113385935274,9,9,25.24875878622187
2025-11-13,680.495,1332,0.484984984984985,0.434984984984985,-0.02171213601863342,True,SIM-CALL-667-3D,call,667.0,3,11.692421753564622,0.49847366976323826,9,9,25.280526282471854
2025-11-14,665.36,1333,0.48537134283570893,0.43537134283570894,-0.007815318023325801,False,SIM-CALL-652-3D,call,652.0,3,11.045951364829948,0.4981391701526438,9,9,24.09218997559244
2025-11-17,669.655,1334,0.48575712143928035,0.43575712143928036,-0.01041581112662493,True,SIM-CALL-656-3D,call,656.0,3,10.445262041813304,0.4986276119444867,9,9,23.263528036793584
2025-11-18,661.925,1335,0.4861423220973783,0.4361423220973783,-0.014359632888922502,True,SIM-CALL-649-3D,call,649.0,3,8.490836024623041,0.49582756011337153,9,9,21.574382497044535
2025-11-19,660.78,1336,0.48577844311377244,0.43577844311377245,-0.0024667816822543376,False,SIM-CALL-648-3D,call,648.0,3,7.709115685304271,0.49541948796306634,9,9,20.93328687177978
2025-11-20,672.945,1337,0.48616305160807777,0.4361630516080778,-0.006129772864052807,False,SIM-CALL-659-3D,call,659.0,3,8.58049318635006,0.4983708546039875,9,9,21.098257448149937
2025-11-21,654.72,1338,0.48654708520179374,0.43654708520179375,0.03097507331378302,True,SIM-CALL-642-3D,call,642.0,3,6.432577801217373,0.4947568594338145,9,9,19.306163173732493
2025-11-24,662.645,1339,0.48618371919342795,0.43618371919342797,0.025647216835560593,True,SIM-CALL-649-3D,call,649.0,3,7.3447160645539515,0.4968090665376789,9,9,19.666990427357387
2025-11-25,668.625,1340,0.48582089552238805,0.43582089552238806,0.022037764068050025,True,SIM-CALL-655-3D,call,655.0,3,6.764959911610532,0.4964014344016342,9,9,19.359701816934052
2025-11-26,677.625,1341,0.4862043251304996,0.4362043251304996,0.0038812027301236007,False,SIM-CALL-664-3D,call,664.0,3,7.905508451079301,0.4959209499631971,9,9,20.974785342043862
2025-11-28,680.88,1342,0.48658718330849476,0.4365871833084948,0.000822465045235754,False,SIM-CALL-667-3D,call,667.0,3,9.257585894595646,0.4970765750478362,9,9,22.32640361790668
2025-12-01,678.825,1343,0.4869694713328369,0.4369694713328369,0.00734357161271304,False,SIM-CALL-665-3D,call,665.0,3,10.103540895110978,0.497413467147273,9,9,23.235245840044275
2025-12-02,681.82,1344,0.48660714285714285,0.43660714285714286,0.003923322871138835,False,SIM-CALL-668-3D,call,668.0,3,10.13720288894573,0.49700650084525233,9,9,23.370961449109853
2025-12-03,680.56,1345,0.4862453531598513,0.4362453531598513,0.007435053485365106,False,SIM-CALL-667-3D,call,667.0,3,9.693031774791644,0.4966001838063968,9,9,23.11912635298446
2025-12-04,685.3,1346,0.48588410104011887,0.4358841010401189,-0.002363928206624788,False,SIM-CALL-672-3D,call,672.0,3,9.453762322497036,0.4953793180067505,9,9,23.282780248002965
2025-12-05,685.48,1347,0.48552338530066813,0.43552338530066814,-0.0035741378304254834,False,SIM-CALL-672-3D,call,672.0,3,9.82475589184194,0.49741857211054813,9,9,23.468655484606277
2025-12-08,686.46,1348,0.48516320474777447,0.4351632047477745,0.0016461265040934592,False,SIM-CALL-673-3D,call,673.0,3,10.049186368503888,0.49782676953323085,9,9,23.717883431636476
2025-12-09,683.11,1349,0.48480355819125276,0.43480355819125277,0.008841914186587863,False,SIM-CALL-669-3D,call,669.0,3,10.763630672563105,0.49904753706029265,9,9,23.721812749579314
2025-12-10,682.525,1350,0.48444444444444446,0.43444444444444447,-0.0010622321526684297,False,SIM-CALL-669-3D,call,669.0,3,9.616054207613438,0.4970160198952512,9,9,23.107196097578445
2025-12-11,685.14,1351,0.4840858623242043,0.4340858623242043,-0.006458534022243612,False,SIM-CALL-671-3D,call,671.0,3,10.400343800970605,0.4982354670854553,9,9,23.424701225433175
2025-12-12,688.185,1352,0.48372781065088755,0.43372781065088756,-0.013550135501354865,True,SIM-CALL-674-3D,call,674.0,3,10.781118872696457,0.4978303980854873,9,9,23.839298666893235
2025-12-15,685.745,1353,0.48337028824833705,0.43337028824833707,-0.020875106635848684,True,SIM-CALL-672-3D,call,672.0,3,10.005960177712996,0.49661534186708567,9,9,23.378899497125072
2025-12-16,679.09,1354,0.48301329394387,0.43301329394387,-0.003791839078767234,False,SIM-CALL-666-3D,call,666.0,3,8.534894360875246,0.4937822599640048,9,9,22.316640803577354
2025-12-17,679.77,1355,0.4833948339483395,0.4333948339483395,0.0011033143563263792,False,SIM-CALL-666-3D,call,666.0,3,8.918634742299158,0.4958848281939744,9,9,21.9825620212668
2025-12-18,677.59,1356,0.4837758112094395,0.43377581120943953,0.010507829218258768,True,SIM-CALL-664-3D,call,664.0,3,7.683774082765816,0.4955578664446569,9,9,20.702902718408584
2025-12-19,676.61,1357,0.4834193072955048,0.4334193072955048,0.016700905987200754,True,SIM-CALL-663-3D,call,663.0,3,7.387488638290391,0.4951564604364182,9,9,20.37294057703625
2025-12-22,683.925,1358,0.48306332842415317,0.4330633284241532,0.009277333040903724,False,SIM-CALL-670-3D,call,670.0,3,7.626103824228698,0.4955632900471975,9,9,20.596585501352173
2025-12-23,683.895,1359,0.48344370860927155,0.43344370860927156,0.009306984259279671,False,SIM-CALL-670-3D,call,670.0,3,7.952910250549861,0.495897021069388,9,9,20.980374652690042
2025-12-24,687.92,1360,0.4838235294117647,0.4338235294117647,7.99511571114575e-05,False,SIM-CALL-674-3D,call,674.0,3,8.568926170831942,0.4954237923574595,9,9,21.78791009262786
2025-12-26,690.555,1361,0.4834680382072006,0.4334680382072006,-0.00524940084424852,False,SIM-CALL-677-3D,call,677.0,3,8.334690353734537,0.49582953460174695,9,9,21.95625903635613
2025-12-29,687.565,1362,0.4831130690161527,0.4331130690161527,-0.008355573654854509,False,SIM-CALL-674-3D,call,674.0,3,8.789926918695011,0.4962346254208191,9,9,22.244780379001277
2025-12-30,687.43,1363,0.4827586206896552,0.4327586206896552,-0.005964243632078814,False,SIM-CALL-674-3D,call,674.0,3,8.431266528818355,0.49422527338154626,9,9,22.015435439982543
2025-12-31,687.145,1364,0.48240469208211145,0.43240469208211146,0.0008513486964178973,False,SIM-CALL-673-3D,call,673.0,3,9.082068386754075,0.4962389000986978,9,9,22.0199656609588
2026-01-02,685.51,1365,0.48205128205128206,0.43205128205128207,0.009190237925048361,False,SIM-CALL-672-3D,call,672.0,3,7.57711239244732,0.49503603972742377,9,9,21.08261900281898
2026-01-05,686.51,1366,0.4816983894582723,0.4316983894582723,0.004559292654149338,False,SIM-CALL-673-3D,call,673.0,3,7.087136118588371,0.4946377641955793,9,9,20.66386262545077
2026-01-06,687.92,1367,0.4813460131675201,0.43134601316752014,0.002209559251075799,False,SIM-CALL-674-3D,call,674.0,3,7.613180222460103,0.49424011259563194,9,9,20.85860737751943
2026-01-07,692.185,1368,0.48099415204678364,0.43099415204678365,0.002629354869001954,False,SIM-CALL-678-3D,call,678.0,3,8.284520706503201,0.4954459167597347,9,9,21.40990919595561
2026-01-08,688.795,1369,0.4806428049671293,0.4306428049671293,0.009277070826588352,False,SIM-CALL-675-3D,call,675.0,3,7.89736262988745,0.49504824238339057,9,9,21.23236045287867
2026-01-09,690.6,1370,0.4802919708029197,0.4302919708029197,0.004503330437301001,False,SIM-CALL-677-3D,call,677.0,3,7.5218528019572855,0.4946511894437413,9,9,21.10358784180887
2026-01-12,690.68,1371,0.4799416484318016,0.4299416484318016,-8.687090982795187e-05,False,SIM-CALL-677-3D,call,677.0,3,7.667752986375526,0.4950542772387352,9,9,21.167609142060403
2026-01-13,695.44,1372,0.47959183673469385,0.42959183673469387,-0.004687679742321538,False,SIM-CALL-682-3D,call,682.0,3,7.499223231725549,0.493858941752993,9,9,21.37664789093201
2026-01-14,690.9,1373,0.47924253459577565,0.42924253459577566,0.000984223476624857,False,SIM-CALL-677-3D,call,677.0,3,8.498731186391916,0.49585853052280043,9,9,21.74117670321873
2026-01-15,694.6,1374,0.47889374090247455,0.42889374090247456,-0.024388137057299253,True,SIM-CALL-681-3D,call,681.0,3,7.778569067227637,0.4954620648187853,9,9,21.451673483591662
2026-01-16,693.68,1375,0.47854545454545455,0.42854545454545456,-0.012022834736477805,True,SIM-CALL-680-3D,call,680.0,3,7.5413774288187945,0.49506621607716594,9,9,21.127937412930535
2026-01-20,681.52,1376,0.47819767441860467,0.4281976744186047,0.010916774269280616,True,SIM-CALL-668-3D,call,668.0,3,7.467144313433703,0.4946709827846214,9,9,20.738826078769495
2026-01-21,679.35,1377,0.4785766158315178,0.4285766158315178,0.014499153602708592,True,SIM-CALL-666-3D,call,666.0,3,6.243027299619144,0.49435033883832086,9,9,19.467911291916675
2026-01-22,689.85,1378,0.47895500725689405,0.42895500725689406,0.004211060375443942,False,SIM-CALL-676-3D,call,676.0,3,6.169614634281343,0.4940300907200576,9,9,19.23218285868002
2026-01-23,688.1,1379,0.47933284989122554,0.42933284989122555,0.010797849149832839,True,SIM-CALL-674-3D,call,674.0,3,6.943770910462223,0.495154559125358,9,9,19.745911355158757
2026-01-26,690.485,1380,0.4797101449275362,0.42971014492753623,0.007103702470002915,False,SIM-CALL-677-3D,call,677.0,3,6.477027903196369,0.4931004466166886,9,9,19.99736958791777
2026-01-27,694.15,1381,0.47936278059377263,0.42936278059377264,-0.0002665130015125916,False,SIM-CALL-680-3D,call,680.0,3,7.5487941752652805,0.4958827472627121,9,9,20.565752757991486
2026-01-28,697.02,1382,0.479739507959479,0.429739507959479,-0.0074890247051735415,False,SIM-CALL-683-3D,call,683.0,3,7.684800917904613,0.49541738426063403,9,9,20.960532161794337
2026-01-29,696.345,1383,0.4793926247288503,0.4293926247288503,-0.001371446624877093,False,SIM-CALL-682-3D,call,682.0,3,8.415428412745392,0.4966088377617024,9,9,21.34201493857353
2026-01-30,691.84,1384,0.4790462427745665,0.4290462427745665,-0.003476237280296113,False,SIM-CALL-678-3D,call,678.0,3,7.614437238653336,0.4954227502947805,9,9,20.836977537059283
2026-02-02,689.62,1385,0.4787003610108303,0.4287003610108303,-0.005104260317276177,False,SIM-CALL-676-3D,call,676.0,3,6.755819747530971,0.49502978113476137,9,9,20.14179199293796
2026-02-03,696.225,1386,0.47835497835497837,0.4283549783549784,-0.026981220151531482,True,SIM-CALL-682-3D,call,682.0,3,7.348551383005343,0.4954280755720834,9,9,20.432961419823755
2026-02-04,690.29,1387,0.47801009372746933,0.42801009372746934,0.0006229265960684405,False,SIM-CALL-676-3D,call,676.0,3,7.213336693323823,0.49582574370091603,9,9,20.041461906074595
2026-02-05,680.78,1388,0.4776657060518732,0.4276657060518732,0.01941890184788031,True,SIM-CALL-667-3D,call,667.0,3,6.272689750992118,0.49385450725287405,9,9,19.231596330204216
2026-02-06,681.435,1389,0.47804175665946724,0.42804175665946725,0.015665470661178293,True,SIM-CALL-668-3D,call,668.0,3,4.724102924344973,0.4935372256135588,9,9,17.906152881913037
2026-02-09,689.47,1390,0.4776978417266187,0.42769784172661873,0.0033939112651746317,False,SIM-CALL-676-3D,call,676.0,3,4.467746329355729,0.4915706034196839,9,9,17.926736680176766
2026-02-10,694.91,1391,0.47807332854061824,0.42807332854061825,-0.019743563914751405,True,SIM-CALL-681-3D,call,681.0,3,5.821749794522951,0.49347453728283674,9,9,19.14323927895345
2026-02-11,696.435,1392,0.47844827586206895,0.42844827586206896,-0.021286982991951753,True,SIM-CALL-683-3D,call,683.0,3,5.552155136639268,0.49143967635346947,9,9,19.451407903923634
2026-02-12,694.23,1393,0.4781048097631012,0.4281048097631012,-0.01652190196332637,True,SIM-CALL-680-3D,call,680.0,3,6.947382683139594,0.49498533131847566,9,9,19.995352355922584
2026-02-13,681.695,1394,0.4784791965566714,0.42847919655667144,0.006593857957004179,False,SIM-CALL-668-3D,call,668.0,3,5.4516034052942945,0.4938822722444694,9,9,18.393267906047818
2026-02-17,680.15,1395,0.47885304659498207,0.4288530465949821,0.006402999338381177,False,SIM-CALL-667-3D,call,667.0,3,3.623528636467802,0.4919950063783631,9,9,16.91102979273047
2026-02-18,683.87,1396,0.4792263610315186,0.4292263610315186,0.008144822846447575,False,SIM-CALL-670-3D,call,670.0,3,3.8441548704840534,0.49403572049876293,9,9,16.471620034971533
2026-02-19,683.85,1397,0.47888332140300643,0.42888332140300645,-0.002134971119397533,False,SIM-CALL-670-3D,call,670.0,3,4.040988078477224,0.49364721535129535,9,9,16.658700356779168
2026-02-20,682.23,1398,0.47854077253218885,0.42854077253218886,0.007534116060565976,False,SIM-CALL-669-3D,call,669.0,3,3.309334156831856,0.49247541013858903,9,9,16.43596933246316
2026-02-23,687.805,1399,0.4781987133666905,0.4281987133666905,0.007698402890354172,False,SIM-CALL-674-3D,call,674.0,3,4.4059367291447025,0.49443856635725825,9,9,17.15167435601292
2026-02-24,681.52,1400,0.47785714285714287,0.4278571428571429,0.011445005282310294,True,SIM-CALL-668-3D,call,668.0,3,3.8746905399954508,0.4940506322458068,9,9,16.668318402618244
2026-02-25,690.14,1401,0.47751605995717344,0.42751605995717346,-0.005766945837076598,False,SIM-CALL-676-3D,call,676.0,3,4.863321532525186,0.49522745420865144,9,9,17.370203298175802
2026-02-26,693.12,1402,0.47717546362339514,0.42717546362339515,-0.009767428439519832,False,SIM-CALL-679-3D,call,679.0,3,5.061170378904875,0.4956209782664028,9,9,17.66280022442514
2026-02-27,682.995,1403,0.4775481111903065,0.4275481111903065,-0.003960497514623129,False,SIM-CALL-669-3D,call,669.0,3,5.4956406924119765,0.49594386684197267,9,9,17.87543302216978
2026-03-02,678.73,1404,0.4772079772079772,0.4272079772079772,0.009429375451210253,False,SIM-CALL-665-3D,call,665.0,3,4.776741532456786,0.4947755337057464,9,9,17.270954249244753
2026-03-03,675.03,1405,0.47686832740213525,0.42686832740213526,0.009444024710012933,False,SIM-CALL-662-3D,call,662.0,3,3.0676527300650114,0.4928292194340954,9,9,16.14627591203817
2026-03-04,681.69,1406,0.47652916073968704,0.42652916073968705,-0.013569217679590406,True,SIM-CALL-668-3D,call,668.0,3,3.6611858126633097,0.49400257731304514,9,9,16.373686840064043
2026-03-05,682.09,1407,0.47619047619047616,0.4261904761904762,-0.005556451494670878,False,SIM-CALL-668-3D,call,668.0,3,4.594913090447465,0.49595270401240543,9,9,16.919003195485598
2026-03-06,673.41,1408,0.4758522727272727,0.4258522727272727,0.005524123490889599,False,SIM-CALL-660-3D,call,660.0,3,4.1720775652876245,0.4947879240622461,9,9,16.758539871480554
2026-03-09,666.38,1409,0.47622427253371186,0.42622427253371187,0.014946426963594384,True,SIM-CALL-653-3D,call,653.0,3,3.6293104840898254,0.49447470260951115,9,9,15.890773013027236
2026-03-10,677.68,1410,0.47588652482269506,0.42588652482269507,-0.017161492149687207,True,SIM-CALL-664-3D,call,664.0,3,3.3831992583158166,0.4940895887496253,9,9,15.813788974656473
2026-03-11,677.68,1411,0.4755492558469171,0.4255492558469171,-0.022695077322630097,True,SIM-CALL-664-3D,call,664.0,3,3.547569971797733,0.4944813431411705,9,9,15.956554723635698
2026-03-12,671.115,1412,0.47592067988668557,0.4259206798866856,-0.003196173532106994,False,SIM-CALL-658-3D,call,658.0,3,3.3286155549569814,0.49325124940298454,9,9,16.081988350648952
2026-03-13,669.24,1413,0.47629157820240625,0.42629157820240626,0.002256290717829179,False,SIM-CALL-656-3D,call,656.0,3,2.7731617827532955,0.494490461065167,9,9,15.225396953246118
2026-03-16,668.41,1414,0.4766619519094767,0.4266619519094767,-0.010278122709115656,True,SIM-CALL-655-3D,call,655.0,3,2.1314666165719127,0.49417848201304443,9,9,14.2704395817472
2026-03-17,672.375,1415,0.4763250883392226,0.4263250883392226,-0.01859825246328317,True,SIM-CALL-659-3D,call,659.0,3,1.6729349795157058,0.49379494655087364,9,9,14.01055832314457
2026-03-18,668.35,1416,0.4759887005649718,0.4259887005649718,-0.029729931921897212,True,SIM-CALL-655-3D,call,655.0,3,1.7440949939831376,0.4934119902417462,9,9,13.949045770098243
2026-03-19,656.63,1417,0.4763585038814397,0.4263585038814397,-0.0019188888719674502,False,SIM-CALL-643-3D,call,643.0,3,1.913807084890301,0.4946475891478488,9,9,13.364908027012012
2026-03-20,656.495,1418,0.4767277856135402,0.4267277856135402,-0.005019078591611437,False,SIM-CALL-643-3D,call,643.0,3,0.8846745894486491,0.4935637570314623,9,9,12.339585582008011
2026-03-23,658.06,1419,0.4770965468639887,0.42709654686398874,-0.00200589611889479,False,SIM-CALL-645-3D,call,645.0,3,-0.7326862016684593,0.49248129169260585,9,9,11.062583123871212
2026-03-24,651.295,1420,0.47676056338028167,0.4267605633802817,-0.00949646473564203,False,SIM-CALL-638-3D,call,638.0,3,-0.3951809737077747,0.4928719252660479,9,9,10.94546569307624
2026-03-25,658.665,1421,0.47642505277973257,0.4264250527797326,-0.03738622820401871,True,SIM-CALL-645-3D,call,645.0,3,-0.4965406029161261,0.4932619600221448,9,9,10.801139673025604
2026-03-26,652.02,1422,0.4760900140646976,0.4260900140646976,-0.030673905708413884,True,SIM-CALL-639-3D,call,639.0,3,-1.4052170451176889,0.4913403504982376,9,9,10.255228526964896
2026-03-27,642.475,1423,0.47575544624033733,0.42575544624033734,0.011899295692439305,True,SIM-CALL-630-3D,call,630.0,3,-2.5630701936216234,0.4894216500151892,9,9,9.317774831242497
2026-03-30,639.86,1424,0.476123595505618,0.426123595505618,0.023942737473822362,True,SIM-CALL-627-3D,call,627.0,3,-2.734737396204622,0.4906536639723727,9,9,8.558757589154755
2026-03-31,638.905,1425,0.47649122807017547,0.4264912280701755,0.026381073868572136,True,SIM-CALL-626-3D,call,626.0,3,-3.5404801500139023,0.49034651455481526,9,9,7.560492151091995
2026-04-01,654.08,1426,0.47685834502103785,0.42685834502103787,0.0073461961839529355,False,SIM-CALL-641-3D,call,641.0,3,-3.4097910683548456,0.49066746377512005,9,9,8.116533418107577
2026-04-02,646.425,1427,0.4772249474421864,0.4272249474421864,0.01980894922071408,True,SIM-CALL-633-3D,call,633.0,3,-1.8611975981974982,0.49252360134049056,9,9,9.163612982652413
2026-04-06,655.9,1428,0.47759103641456585,0.42759103641456586,0.030644915383442717,True,SIM-CALL-643-3D,call,643.0,3,-1.8694257607035056,0.4913081580229837,9,9,10.099080075827901
2026-04-07,656.85,1429,0.47725682295311406,0.42725682295311407,0.03504605313237419,True,SIM-CALL-644-3D,call,644.0,3,-1.7277106644296467,0.4916972557480774,9,9,10.29803340929688
2026-04-08,676.4,1430,0.47762237762237764,0.42762237762237765,0.004361324659964527,False,SIM-CALL-663-3D,call,663.0,3,-0.7710934159679194,0.4920165113042038,9,9,11.523733891817583
2026-04-09,674.98,1431,0.4779874213836478,0.4279874213836478,0.016326409671397535,True,SIM-CALL-661-3D,call,661.0,3,1.2466873035394324,0.4938668610223748,9,9,13.080110984901633
2026-04-10,681.305,1432,0.47835195530726254,0.42835195530726256,0.019161755748159814,True,SIM-CALL-668-3D,call,668.0,3,1.5172706746718767,0.4911233101335189,9,9,14.372987313324696
2026-04-13,677.58,1433,0.47801814375436147,0.4280181437543615,0.03271938368901073,True,SIM-CALL-664-3D,call,664.0,3,2.153923519888857,0.49304086573590716,9,9,14.585189438243775
2026-04-14,687.72,1434,0.4783821478382148,0.4283821478382148,0.020080846856278534,True,SIM-CALL-674-3D,call,674.0,3,2.694547887823165,0.49335844047992505,9,9,15.431482257877887
2026-04-15,695.51,1435,0.47874564459930313,0.42874564459930314,0.020919900504665634,True,SIM-CALL-682-3D,call,682.0,3,2.865665832604626,0.49214820137332715,9,9,16.178981608296343
2026-04-16,701.075,1436,0.479108635097493,0.42910863509749303,0.011004528759405163,True,SIM-CALL-687-3D,call,687.0,3,4.941552296787084,0.49399240322663895,9,9,18.06047623837192
2026-04-17,706.26,1437,0.47947112038970074,0.42947112038970076,-0.003327386514881292,False,SIM-CALL-692-3D,call,692.0,3,5.8735342718409065,0.4943087924744238,9,9,19.09353593205395
2026-04-20,708.87,1438,0.47983310152990266,0.4298331015299027,0.0032869214383455247,False,SIM-CALL-695-3D,call,695.0,3,6.027033211174471,0.49462478780096314,9,9,19.80322240387216
2026-04-21,710.165,1439,0.48019457956914524,0.43019457956914525,-0.0024712566797856494,False,SIM-CALL-696-3D,call,696.0,3,6.853913313097099,0.4949403898274066,9,9,20.427461062092597
2026-04-22,709.14,1440,0.4798611111111111,0.42986111111111114,0.006811066926135867,False,SIM-CALL-695-3D,call,695.0,3,6.524179992425189,0.49456274147810525,9,9,20.10196113484889
2026-04-23,709.37,1441,0.47952810548230396,0.42952810548230397,0.008169220576004,False,SIM-CALL-695-3D,call,695.0,3,6.902326190024574,0.4949462832163841,9,9,20.26210396649209
2026-04-24,710.755,1442,0.4791955617198336,0.4291955617198336,0.0013014329832361504,False,SIM-CALL-697-3D,call,697.0,3,5.617769561248408,0.4930490669784265,9,9,19.63776263333622
2026-04-27,713.18,1443,0.47886347886347885,0.42886347886347886,-0.0022294511904427106,False,SIM-CALL-699-3D,call,699.0,3,6.509563499611282,0.49495213665895993,9,9,20.17822817857301
2026-04-28,711.75,1444,0.47853185595567865,0.42853185595567866,0.009357218124341316,False,SIM-CALL-698-3D,call,698.0,3,6.117768054676665,0.49381666575390526,9,9,20.118299409761875
2026-04-29,710.98,1445,0.4782006920415225,0.4282006920415225,0.013375903682241397,True,SIM-CALL-697-3D,call,697.0,3,6.470946049679559,0.49495795050861896,9,9,20.210279749637312
2026-04-30,714.67,1446,0.4778699861687414,0.4278699861687414,0.004785425441112823,False,SIM-CALL-700-3D,call,700.0,3,7.186075569236207,0.4953397367443854,9,9,20.434913032002722
2026-05-01,721.245,1447,0.47753973738769867,0.4275397373876987,0.003417701335884482,False,SIM-CALL-707-3D,call,707.0,3,6.789883857158548,0.4949637251149087,9,9,20.640183998209604
2026-05-04,720.03,1448,0.47790055248618785,0.42790055248618786,0.019082538227573886,True,SIM-CALL-706-3D,call,706.0,3,6.943109613233344,0.4937635441236182,9,9,21.003052905070962
2026-05-05,721.81,1449,0.4775707384403037,0.4275707384403037,0.013466147601169265,True,SIM-CALL-707-3D,call,707.0,3,8.24907190553078,0.49641394340585404,9,9,21.622611421346615
2026-05-06,728.055,1450,0.4772413793103448,0.42724137931034484,0.01302786190603733,True,SIM-CALL-713-3D,call,713.0,3,8.525154818266559,0.49754915345871525,9,9,21.89795202313784
2026-05-07,735.065,1451,0.4776016540317023,0.4276016540317023,0.005625352859951249,False,SIM-CALL-720-3D,call,720.0,3,9.190769493213091,0.4971050370828797,9,9,22.889680552940096
2026-05-08,734.975,1452,0.47796143250688705,0.42796143250688706,0.004374298445525504,False,SIM-CALL-720-3D,call,720.0,3,9.570554342077676,0.49741615536274275,9,9,23.394354216024183
2026-05-11,736.52,1453,0.4783207157604955,0.4283207157604955,0.007847716287405548,False,SIM-CALL-722-3D,call,722.0,3,9.303867381280211,0.49697269635457175,9,9,23.654789674085528
2026-05-12,736.87,1454,0.4779917469050894,0.4279917469050894,0.015240137337658055,True,SIM-CALL-722-3D,call,722.0,3,10.040337752834821,0.4973508689989796,9,9,24.051951516183816
2026-05-13,738.41,1455,0.47766323024054985,0.42766323024054986,0.0009344402161401977,False,SIM-CALL-724-3D,call,724.0,3,9.349609954738217,0.4962223254494614,9,9,23.841042314166685
2026-05-14,743.655,1456,0.47733516483516486,0.42733516483516487,-0.007066448823715321,False,SIM-CALL-729-3D,call,729.0,3,9.959082466514714,0.49810551524124164,9,9,24.379279232093143
2026-05-15,741.88,1457,0.4776938915579959,0.4276938915579959,-0.010891249258640268,True,SIM-CALL-727-3D,call,727.0,3,10.95669676988202,0.4984149390123833,9,9,25.152993490061913
2026-05-18,739.83,1458,0.4773662551440329,0.4273662551440329,0.0020004595650351398,False,SIM-CALL-725-3D,call,725.0,3,10.82485978381736,0.4980394618882516,9,9,24.989772400641552
2026-05-19,734.79,1459,0.477039067854695,0.42703906785469503,0.01077858980116786,True,SIM-CALL-720-3D,call,720.0,3,10.31942638237282,0.4976645351565179,9,9,24.369282280938492
2026-05-20,735.585,1460,0.4773972602739726,0.4273972602739726,0.013710176254273732,True,SIM-CALL-721-3D,call,721.0,3,9.367713454951755,0.4973603945144483,9,9,23.557733358829
2026-05-21,738.56,1461,0.47707049965776865,0.42707049965776867,0.01611243500866566,True,SIM-CALL-724-3D,call,724.0,3,9.225976899972956,0.4969864905340398,9,9,23.547420376168102
2026-05-22,746.17,1462,0.4774281805745554,0.4274281805745554,0.005923583097685592,False,SIM-CALL-731-3D,call,731.0,3,10.458395139179867,0.4980449771217534,9,9,24.532218782250776
2026-05-26,750.14,1463,0.47778537252221465,0.42778537252221466,0.0060522035886634296,False,SIM-CALL-735-3D,call,735.0,3,10.86141160702469,0.4976042068035718,9,9,25.15927487284427
2026-05-27,750.885,1464,0.4781420765027322,0.4281420765027322,0.00726476091545325,False,SIM-CALL-736-3D,call,736.0,3,11.056713815183683,0.4979124988249527,9,9,25.681619914166756
2026-05-28,750.23,1465,0.4778156996587031,0.4278156996587031,0.01094331071804655,True,SIM-CALL-735-3D,call,735.0,3,11.82128510937371,0.4990350618062925,9,9,26.077469883384765
2026-05-29,755.865,1466,0.47748976807639837,0.4274897680763984,0.004769370191767042,False,SIM-CALL-741-3D,call,741.0,3,11.303716566066283,0.498661160874895,9,9,26.087394403513784
2026-06-01,755.56,1467,0.47716428084526247,0.4271642808452625,-0.0018264598443538116,False,SIM-CALL-740-3D,call,740.0,3,12.699205227331387,0.4997815096587583,9,9,26.801803653824667
2026-06-02,757.21,1468,0.4775204359673024,0.42752043596730244,-0.0003169530249204078,False,SIM-CALL-742-3D,call,742.0,3,12.538144519754026,0.49934119398041765,9,9,27.050878655021908
2026-06-03,758.2,1469,0.4771953710006807,0.4271953710006807,-0.0273674492218412,True,SIM-CALL-743-3D,call,743.0,3,12.632034648353434,0.49971367813790846,9,9,27.171988376789585
2026-06-04,752.06,1470,0.47687074829931975,0.42687074829931976,-0.017053160652075516,True,SIM-CALL-737-3D,call,737.0,3,12.257529848483436,0.49934031831624853,9,9,26.708549751401183
2026-06-05,752.29,1471,0.47654656696125086,0.4265465669612509,-0.02023155963790546,True,SIM-CALL-737-3D,call,737.0,3,12.466045253182429,0.49971224594527613,9,9,26.721477538640755
2026-06-08,743.35,1472,0.47690217391304346,0.42690217391304347,-0.023905293603282418,True,SIM-CALL-728-3D,call,728.0,3,11.628430377231863,0.5001536637677942,9,9,25.366542644528057
2026-06-09,743.41,1473,0.4772572980312288,0.4272572980312288,-0.007721176739618807,False,SIM-CALL-729-3D,call,729.0,3,9.220512655226646,0.49687540000488867,9,9,23.724164792580904
2026-06-10,733.36,1474,0.47761194029850745,0.42761194029850746,0.011331406130686172,True,SIM-CALL-719-3D,call,719.0,3,8.380168706053858,0.4980613369839116,9,9,22.418275466863626
2026-06-11,728.8,1475,0.47796610169491527,0.4279661016949153,0.03560647639956094,True,SIM-CALL-714-3D,call,714.0,3,8.180719523607596,0.4985028794981915,9,9,21.50359763128101
2026-06-12,740.74,1476,0.47764227642276424,0.42764227642276426,0.013284013284013296,True,SIM-CALL-726-3D,call,726.0,3,7.301872487764508,0.4973895656664986,9,9,21.16683770797423
2026-06-15,751.8,1477,0.4779959377115775,0.4279959377115775,-0.014338919925512061,True,SIM-CALL-737-3D,call,737.0,3,7.549515239329766,0.4976952442283065,9,9,21.81079657583101
2026-06-16,754.55,1478,0.4783491204330176,0.4283491204330176,-0.010337287124776329,True,SIM-CALL-739-3D,call,739.0,3,10.144474689167438,0.49874199371246714,9,9,23.97908853131465
2026-06-17,751.27,1479,0.4787018255578093,0.42870182555780934,-0.0093175556058408,False,SIM-CALL-736-3D,call,736.0,3,10.301819536608853,0.49904647556057175,9,9,24.312581917757075
2026-06-18,747.765,1480,0.47905405405405405,0.42905405405405406,-0.01891637078493913,True,SIM-CALL-733-3D,call,733.0,3,8.820183609360267,0.4980049089168636,9,9,23.07109180034235
2026-06-22,747.65,1481,0.47940580688723833,0.42940580688723834,-0.01916672239684336,True,SIM-CALL-733-3D,call,733.0,3,8.05078863603267,0.4977046712305684,9,9,22.33009112869974
2026-06-23,733.735,1482,0.47908232118758437,0.4290823211875844,-0.000551970398031898,False,SIM-CALL-719-3D,call,719.0,3,7.846637308570647,0.4973357309780663,9,9,21.567639791079586
2026-06-24,734.7,1483,0.4794335805799056,0.4294335805799056,-0.007281883762079833,False,SIM-CALL-720-3D,call,720.0,3,6.827135580425135,0.4970362980465191,9,9,20.49558598619774
2026-06-25,738.9,1484,0.4797843665768194,0.4297843665768194,0.002652591690350592,False,SIM-CALL-724-3D,call,724.0,3,6.081368893321688,0.49673720888758194,9,9,19.597118397132874
2026-06-26,728.875,1485,0.4794612794612795,0.4294612794612795,0.024386897616189396,True,SIM-CALL-714-3D,call,714.0,3,6.1039219947188545,0.49710780120981507,9,9,19.282622988711417
2026-06-29,736.61,1486,0.4791386271870794,0.4291386271870794,0.012292800803681558,True,SIM-CALL-722-3D,call,722.0,3,4.987189541691213,0.49600275543509204,9,9,18.73458156986636
2026-06-30,741.3,1487,0.47881640887693344,0.42881640887693345,0.0048023742074734255,False,SIM-CALL-726-3D,call,726.0,3,5.9318263960184225,0.4978473547962979,9,9,19.213780090830003
2026-07-01,744.965,1488,0.4791666666666667,0.4291666666666667,0.008463484861704895,False,SIM-CALL-730-3D,call,730.0,3,6.347324771046501,0.4966774193548387,9,9,20.167880890241655
2026-07-02,747.415,1489,0.4795164539959704,0.42951645399597044,0.0004749703979716191,False,SIM-CALL-732-3D,call,732.0,3,7.406529255042676,0.49845335617728104,9,9,20.953741515551545
2026-07-06,748.22,1490,0.4791946308724832,0.4291946308724832,-0.003929325599422717,False,SIM-CALL-733-3D,call,733.0,3,7.242809814607313,0.4980858533823825,9,9,20.97259622508853
2026-07-07,750.21,1491,0.4788732394366197,0.4288732394366197,0.0017861665400353832,False,SIM-CALL-735-3D,call,735.0,3,7.516470115049173,0.4977188781869809,9,9,21.29114766327471
2026-07-08,743.135,1492,0.4785522788203753,0.42855227882037533,0.015885404401623004,True,SIM-CALL-728-3D,call,728.0,3,7.4438488206597215,0.49808693803579174,9,9,21.028995093087858
2026-07-09,747.29,1493,0.478231748158071,0.428231748158071,0.002462230191759618,False,SIM-CALL-732-3D,call,732.0,3,7.240601549282074,0.49772048303796346,9,9,20.86183039290015
2026-07-10,752.1,1494,0.4779116465863454,0.4279116465863454,-0.00021273766786322756,False,SIM-CALL-737-3D,call,737.0,3,6.807886468207675,0.4966211062738348,9,9,20.77325252363393
2026-07-13,752.62,1495,0.4782608695652174,0.4282608695652174,0.0028566873056787845,False,SIM-CALL-738-3D,call,738.0,3,6.5672556109503635,0.4954575858923685,9,9,21.070890087054476
2026-07-14,750.93,1496,0.47794117647058826,0.42794117647058827,-7.990092285559136e-05,False,SIM-CALL-736-3D,call,736.0,3,7.163463258944424,0.4972911802364992,9,9,21.295673256282598
2026-07-15,754.225,1497,0.47762191048764197,0.427621910487642,-0.01451158473930203,True,SIM-CALL-739-3D,call,739.0,3,7.419479823013628,0.49692630009301714,9,9,21.405375239560886
2026-07-16,752.8,1498,0.4773030707610147,0.4273030707610147,-0.014147183846971223,True,SIM-CALL-738-3D,call,738.0,3,6.754367897122543,0.49729335464430535,9,9,21.07571281073826
2026-07-17,742.17,1499,0.4769846564376251,0.4269846564376251,0.008064190145115058,False,SIM-CALL-727-3D,call,727.0,3,7.481500814763908,0.49765987544572077,9,9,21.069533407449374
2026-07-20,747.04,1500,0.47733333333333333,0.42733333333333334,0.0006023773827372736,False,SIM-CALL-732-3D,call,732.0,3,6.417817101073226,0.4966333941397788,9,9,20.202519856126596
2026-07-21,746.31,1501,0.4776815456362425,0.4276815456362425,-0.011054387586927672,True,SIM-CALL-731-3D,call,731.0,3,6.120626048449576,0.4970681324477028,9,9,19.539721115091876
2026-07-22,747.05,1502,0.4773635153129161,0.4273635153129161,-0.010909577672177151,True,SIM-CALL-732-3D,call,732.0,3,6.004482898675519,0.49670465609026254,9,9,19.648676980125806
2026-07-23,739.29,1503,0.47704590818363274,0.42704590818363275,-0.0005951656318899934,False,SIM-CALL-725-3D,call,725.0,3,4.757146722433228,0.4948837985765775,9,9,18.836747453577168
2026-07-24,738.505,1504,0.4773936170212766,0.4273936170212766,0.0031008591681842557,False,SIM-CALL-724-3D,call,724.0,3,4.596661033441474,0.49604722071291757,9,9,18.35518033573193
2026-07-27,744.9,1505,0.4777408637873754,0.4277408637873754,-0.020579943616592766,True,SIM-CALL-730-3D,call,730.0,3,4.529283342624602,0.49575307703167026,9,9,18.07323780489133
2026-07-28,739.165,1506,0.47742363877822047,0.4274236387782205,0.0033348440469991303,False,SIM-CALL-724-3D,call,724.0,3,4.941353458245286,0.4961190662921153,9,9,18.045992710511022
2026-07-29,739.92,1507,0.47710683477106836,0.42710683477106837,0.009284787544599382,False,SIM-CALL-725-3D,call,725.0,3,4.570382709159979,0.49575750449386524,9,9,17.909826397288903
2026-07-30,736.025,1508,0.47745358090185674,0.42745358090185676,0.029475900954451406,True,SIM-CALL-721-3D,call,721.0,3,3.8493388180764274,0.4961907203693481,9,9,16.827405797065826
2026-07-31,744.685,1509,0.47713717693836977,0.4271371769383698,0.03548480229895867,True,SIM-CALL-730-3D,call,730.0,3,3.0952990472883735,0.4958295936254043,9,9,16.691630017871287
2026-08-03,749.49,1510,0.4768211920529801,0.42682119205298014,0.027085084524143044,True,SIM-CALL-735-3D,call,735.0,3,2.9495243430024565,0.49474343569825174,9,9,16.877260353791836
2026-08-04,760.63,1511,0.4771674387822634,0.42716743878226343,0.01053074425147571,True,SIM-CALL-745-3D,call,745.0,3,5.788542558501321,0.4972190607246386,9,9,19.189557231186885
2026-08-05,775.91,1512,0.4775132275132275,0.4275132275132275,-0.003544225490069719,False,SIM-CALL-760-3D,call,760.0,3,7.3784576457117605,0.4975177042465517,9,9,21.245644637928486
2026-08-06,770.17,1513,0.47785855915399866,0.4278585591539987,0.003700481711829795,False,SIM-CALL-755-3D,call,755.0,3,7.422234078598329,0.49709176550108686,9,9,21.877764448412556
2026-08-07,771.0,1514,0.47820343461030385,0.42820343461030386,-0.000622568093385234,False,SIM-CALL-756-3D,call,756.0,3,7.460760862546371,0.4959425546659044,9,9,22.144682787926424
2026-08-10,772.77,1515,0.4778877887788779,0.4278877887788779,-0.00029763060160203914,False,SIM-CALL-757-3D,call,757.0,3,8.40468353171323,0.4977528083671461,9,9,22.457354237101967
2026-08-11,774.515,1516,0.47757255936675463,0.42757255936675465,0.0042930091734827425,False,SIM-CALL-759-3D,call,759.0,3,8.025943928546102,0.4973921924164457,9,9,22.359314085612315
2026-08-12,774.73,1517,0.4772577455504285,0.4272577455504285,0.0020265124624061492,False,SIM-CALL-759-3D,call,759.0,3,8.199327921298883,0.4977543325257278,9,9,22.352102912963296
2026-08-13,774.72,1518,0.4769433465085639,0.4269433465085639,-0.0027106567534077586,False,SIM-CALL-759-3D,call,759.0,3,8.02982584955773,0.4973942189346456,9,9,22.196755253787543
2026-08-14,778.505,1519,0.47662936142198814,0.42662936142198815,-0.014309477781131785,True,SIM-CALL-763-3D,call,763.0,3,7.687177836043966,0.49703461243467134,9,9,22.174096077517063
2026-08-17,776.26,1520,0.4763157894736842,0.4263157894736842,-0.009236595985881002,False,SIM-CALL-761-3D,call,761.0,3,7.270476541588539,0.4966755119008827,9,9,21.898764654498493
2026-08-18,768.81,1521,0.4760026298487837,0.42600262984878373,-0.008051404118052496,False,SIM-CALL-753-3D,call,753.0,3,8.091669691948901,0.4970371136650762,9,9,21.95997924821939
2026-08-19,770.36,1522,0.4763469119579501,0.4263469119579501,-0.006127005555844112,False,SIM-CALL-755-3D,call,755.0,3,6.567909852047928,0.49602603287180796,9,9,20.798460770575808
2026-08-20,765.965,1523,0.47603414313854236,0.4260341431385424,-0.0032703844170425267,False,SIM-CALL-751-3D,call,751.0,3,5.316047274565101,0.49422986451570544,9,9,19.805743631758375
2026-08-21,765.99,1524,0.4757217847769029,0.4257217847769029,-0.0002611000143605269,False,SIM-CALL-751-3D,call,751.0,3,4.782819081981184,0.4953112197559829,9,9,19.29177018358303
2026-08-24,764.75,1525,0.47540983606557374,0.42540983606557375,0.001556064073226615,False,SIM-CALL-749-3D,call,749.0,3,5.65297088416306,0.4956728024307518,9,9,19.452851748373686
2026-08-25,766.18,1526,0.4750982961992136,0.42509829619921363,0.0065258816466104985,False,SIM-CALL-751-3D,call,751.0,3,4.347943896083457,0.4945984092397722,9,9,18.735614162766176
2026-08-26,764.73,1527,0.4747871643745907,0.4247871643745907,0.005949812352071815,False,SIM-CALL-749-3D,call,749.0,3,5.166813289626543,0.4949599751834199,9,9,19.007926717292378
2026-08-27,768.485,1528,0.4744764397905759,0.4244764397905759,-0.0021015374405486398,False,SIM-CALL-753-3D,call,753.0,3,4.62101184970737,0.493887592497623,9,9,18.81295705874352
